id_complex,complex_multidata_id,pdb_structure,pdb_id,stoichiometry,comments_complex,reactome_reaction,reactome_complex,complexPortal_complex,rhea_reaction
0,1358,FALSE,,,,,,,
1,1359,FALSE,,,,,,,
2,1360,FALSE,,,,,,,
3,1361,FALSE,,,,,,,
4,1362,FALSE,,,,,,,
5,1363,FALSE,,,,,,,
6,1364,FALSE,,,,,,,
7,1365,FALSE,,,,,,,
8,1366,FALSE,,,,,,,
9,1367,FALSE,,,,R-HSA-2161567,,,RHEA:50609
10,1368,FALSE,,,,,,,RHEA:34340;RHEA:34335
11,1369,FALSE,,,,,,,RHEA:46140
12,1370,FALSE,,,,,R-HSA-426032,,
13,1371,FALSE,,,,,R-HSA-426032,,
14,1372,FALSE,,,,,,,RHEA:41988
15,1373,FALSE,,,,R-HSA-265296,,,RHEA:17486
16,1374,FALSE,,,,R-HSA-264622,,,RHEA:18822
17,1375,FALSE,,,,,R-HSA-633846,,
18,1376,FALSE,,,,,R-HSA-629584,,
19,1377,FALSE,,,,,R-HSA-629575,,
20,1378,FALSE,,,,,R-HSA-629582,,
21,1379,FALSE,,,,,R-HSA-532625,,
22,1380,FALSE,,,,,R-HSA-633773,,
23,1381,FALSE,,,,,R-HSA-549002,,
24,1382,FALSE,,,,,,,
25,1383,FALSE,,,,,,,
26,1384,FALSE,,,,,,,
27,1385,FALSE,,,,,,,
28,1386,FALSE,,,,,,,
29,1387,FALSE,,,Transmembrane_serine_threonine_kinase_activin_type_1_receptor_forming_an_activin_receptor_complex_with_activin_receptor_type_2_(ACVR2A_or_ACVR2B),,,,
30,1388,FALSE,,,Transmembrane_serine_threonine_kinase_activin_type_1_receptor_forming_an_activin_receptor_complex_with_activin_receptor_type_2_(ACVR2A_or_ACVR2B),,,,
31,1389,FALSE,,,Transmembrane_serine_threonine_kinase_activin_type_1_receptor_forming_an_activin_receptor_complex_with_activin_receptor_type_2_(ACVR2A_or_ACVR2B),,,,
32,1390,FALSE,,,Transmembrane_serine_threonine_kinase_activin_type_1_receptor_forming_an_activin_receptor_complex_with_activin_receptor_type_2_(ACVR2A_or_ACVR2B),,,,
33,1391,FALSE,,,,,,,
34,1392,FALSE,,,,,,,
35,1393,FALSE,,,,,,,
36,1394,FALSE,,,May_form_homooligomers_and_heterooligomers_with_ADIPOR2,,,,
37,1395,FALSE,,,,R-HSA-193965,,,RHEA:50792
38,1396,FALSE,,,,,,,
39,1397,FALSE,,,,,,,
40,1398,FALSE,,,,,,,
41,1399,FALSE,,,,R-HSA-193099,,,RHEA:14753
42,1400,FALSE,,,uniprot;PMID:10896656;PMID:11360992,,,,
43,1401,FALSE,,,,R-HSA-5362522,,,RHEA:42081
44,1402,FALSE,,,,R-HSA-5362522,,,RHEA:42081
45,1403,FALSE,,,,R-HSA-5362522,,,RHEA:42081
46,1404,FALSE,,,,,,,
47,1405,FALSE,,,,,,,
48,1406,FALSE,,,,,,,
49,1407,FALSE,,,"On_ligand_binding,_forms_a_receptor_complex_consisting_of_two_type_II_and_two_type_I_transmembrane_serine_threonine_kinases",,,,
50,1408,FALSE,,,Serine_threonine_kinase_heterodimer_upon_ligand_binding,,,,
51,1409,FALSE,,,Serine_threonine_kinase_heterodimer_upon_ligand_binding,,,,
52,1410,FALSE,,,,,,,
53,1411,FALSE,,,,,,,
54,1412,FALSE,,,,,,,
55,1413,FALSE,,,,,,,
56,1414,FALSE,,,,R-HSA-209868,,,RHEA:20574
57,1415,FALSE,,,,,R-HSA-2534382,,
58,1416,FALSE,,,,,R-HSA-2534382,,
59,1417,FALSE,,,,,R-HSA-2534382,,
60,1418,FALSE,,,,,R-HSA-2534382,,
61,1419,FALSE,,,,,R-HSA-2534382,,
62,1420,FALSE,,,,,R-HSA-2534382,,
63,1421,FALSE,,,,,R-HSA-2534382,,
64,1422,FALSE,,,,,R-HSA-2534382,,
65,1423,TRUE,1gzp,B2M;CD1B,Heterodimer_with_B2M_(beta_2_microglobulin)_Interacts_with_MHC_II,,,,
66,1424,FALSE,,,In_general_heterodimer_of_an_a_and_a_beta_chain_linked_bytwo_disulfide_bonds_Can_also_form_homodimers,,,,
67,1425,FALSE,,,,,,,
68,1426,FALSE,,,,,,,
69,1427,FALSE,,,,,,,
70,1428,FALSE,,,,R-HSA-192417,,,RHEA:33875
71,1429,FALSE,,,,R-HSA-196417,,,RHEA:36393
72,1430,FALSE,,,,R-HSA-6807055,,,RHEA:23986
73,1431,FALSE,,,,R-HSA-8865667,,,RHEA:10100
74,1432,FALSE,,,"Heterotrimer_of_the_alpha_subunit,_LIFR_and_IL6ST",,,,
75,1433,FALSE,,,,R-HSA-194017,,,RHEA:46104
76,1434,FALSE,,,,,R-HSA-264830,,
77,1435,FALSE,,,,R-HSA-209903,,,
78,1436,FALSE,,,,R-HSA-193143,,,RHEA:38191
79,1437,FALSE,,,,R-HSA-804969,,,
80,1438,TRUE,1exu,B2M;FCGRT,"FcRn_complex_consist_of_two_subunits:_p51,_and_p14_which_is_equivalent_to_beta_2_microglobulin_It_forms_an_MHC_class_I_like_heterodimer",,,,
81,1439,FALSE,,,,,,,
82,1440,FALSE,,,,,,,
83,1441,FALSE,,,Can_also_form_a_heterodimer_with_KDR,,,,
84,1442,FALSE,,,,,R-HSA-378947,,
85,1443,FALSE,,,,,,,
86,1444,FALSE,,,,,,,
87,1445,FALSE,,,,,,,
88,1446,FALSE,,,,,,,
89,1447,FALSE,,,,,,,
90,1448,FALSE,,,,,,,
91,1449,FALSE,,,,,,,
92,1450,FALSE,,,,,,,
93,1451,FALSE,,,,,,,
94,1452,FALSE,,,,,,,
95,1453,FALSE,,,,,,,
96,1454,FALSE,,,,,,,
97,1455,FALSE,,,,,,,
98,1456,FALSE,,,,,,,
99,1457,FALSE,,,,,,,
100,1458,FALSE,,,,,,,
101,1459,FALSE,,,,,,,
102,1460,FALSE,,,,,,,
103,1461,FALSE,,,,,,,
104,1462,FALSE,,,,,,,
105,1463,FALSE,,,,,,,
106,1464,FALSE,,,,,,,
107,1465,FALSE,,,,,,,
108,1466,FALSE,,,,,R-HSA-378969,,
109,1467,FALSE,,,Two_GP_Ib_beta_are_disulfide_linked_to_one_GP_Ib_alpha,,,,
110,1468,binding,4nkq,CSF2;CSF2RA;CSF2RB,Heterodimer_of_an_a_and_a_beta_subunit,,,,
111,1469,FALSE,,,,R-HSA-977301,,,RHEA:20841
112,1470,FALSE,,,,,,,
113,1471,binding,4dep,IL1B;IL1R1;IL1RAP,After_binding_to_interleukin_1_associates_with_the_corecptor_IL1RAP_to_form_the_high_affinity_interleukin_1_receptor_complex,,,,
114,1472,binding,3o4o,IL1B;IL1R2;IL1RAP,After_binding_to_interleukin_1_associates_with_the_corecptor_IL1RAP_to_form_the_high_affinity_interleukin_1_receptor_antagonist_complex,,,,
115,1473,FALSE,,,Heterodimer_of_an_alpha_and_a_beta_subunit,,,,
116,1474,FALSE,,,"On_ligand_binding,_forms_a_multimer_complex_with_IL6ST_gp130",,,,
117,1475,TRUE,1f45,IL12A;IL12B,,,,,
118,1476,FALSE,,,"Associated_with_IL12RB2_it_forms_a_functional,_high_affinity_receptor_for_IL12",,,,
119,1477,binding,3bpo,IL13;IL13RA1;IL4R,Together_with_IL4RA_can_form_a_functional_receptor_for_IL13,,,,
120,1478,TRUE,4gs7,IL15;IL15RA;IL2RB;IL2RG,"The_interleukin_15_receptor_IL15R_is_a_heterotrimer_of_IL15RA,_IL2RB_and_IL2RG",,,,
121,1479,FALSE,,,,,,,
122,1480,FALSE,,,,,,,
123,1481,FALSE,,,NA;_the_heterodimer_binds_IL17AF,,,,
124,1482,FALSE,,,Forms_heterodimers_with_IL17RE;_the_heterodimer_binds_IL17C,,,,
125,1483,TRUE,3wo4,IL18;IL18R1;IL18RAP,Cytokine_receptor_family;_Interleukin_18_family,,,,
126,1484,binding,2b5i,IL2;IL2RA;IL2RB;IL2RG,"A_high_affinity_dimer,_an_intermediate_affinity_monomer_(beta_subunit)_The_high_and_intermediate_affinity_forms_also_associate_with_a_gamma_subunit",,,,
127,1485,binding,3qaz,,,,,,
128,1486,FALSE,,,The_IL20RA_IL10RB_dimer_is_a_receptor_for_IL26,,,,
129,1487,FALSE,,,Component_of_IL22_receptor_formed_byIL22RA1_and_IL10RB,,,,
130,1488,FALSE,,,Heterodimer_with_the_common_gamma_subunit,,,,
131,1489,binding,3dgc,IL22;IL22RA1,Component_of_IL22_receptor_formed_byIL22RA1_and_IL10RB,,,,
132,1490,TRUE,3d87,IL12B;IL12B;IL23A;IL23A,,,,,
133,1491,FALSE,,,Associates_also_with_IL23R_to_form_the_interleukin_23_receptor_which_functions_in_IL23_signal_transduction,,,,
134,1492,FALSE,,,,,,,
135,1493,FALSE,,,,,,,
136,1494,FALSE,,,Requires_IL6ST_gp130_to_mediate_signal_transduction_in_response_to_IL27,,,,
137,1495,binding,5t5w,IFNL3;IFNLR1;IL10RB,IFNLR1_IL10RB_dimer_is_a_receptor,,,,
138,1496,FALSE,,,Heterodimer_of_an_a_and_a_beta_subunit,,,,
139,1497,FALSE,,,,,,,
140,1498,FALSE,,,,,,,
141,1499,FALSE,,,,,,,
142,1500,FALSE,,,After_binding_to_interleukin_36_associates_with_the_coreceptor_IL1RAP_to_form_the_interleukin_36_receptor_complex,,,,
143,1501,FALSE,,,"See_paper_Nold_Petry_et_al,_2015_Also_called_IL37",,,,
144,1502,TRUE,3qb7,IL2RG;IL4R,"The_functional_IL4_receptor_is_formed_byinitial_binding_of_IL4_to_IL4R_Subsequent_recruitment_to_the_complex_of_the_common_gamma_chain,_in_immune_cells",,,,
145,1503,FALSE,,,Heterodimer_of_an_alpha_and_a_beta_subunit,,,,
146,1504,binding,1p9m,IL6;IL6;IL6R;IL6R;IL6ST;IL6ST,Signal_activation_necessitate_an_association_with_IL6ST,,,,
147,1505,FALSE,,,The_IL7_receptor_is_a_heterodimer_of_IL7R_and_IL2RG,,,,
148,1506,FALSE,,,Cytokine_receptor_family;_Interleukin_9_family,,,,
149,1507,FALSE,,,Well_known_integrin_combination,,,,
150,1508,FALSE,,,Well_known_integrin_combination,,,,
151,1509,FALSE,,,Well_known_integrin_combination,,,,
152,1510,FALSE,,,Well_known_integrin_combination,,,,
153,1511,TRUE,1kup,ITGA2B;ITGB3,Well_known_integrin_combination,,,,
154,1512,FALSE,,,Well_known_integrin_combination,,,,
155,1513,FALSE,,,Well_known_integrin_combination,,,,
156,1514,FALSE,,,Well_known_integrin_combination,,,,
157,1515,FALSE,,,Well_known_integrin_combination,,,,
158,1516,FALSE,,,Well_known_integrin_combination,,,,
159,1517,FALSE,,,Well_known_integrin_combination,,,,
160,1518,FALSE,,,Well_known_integrin_combination,,,,
161,1519,FALSE,,,Well_known_integrin_combination,,,,
162,1520,FALSE,,,Well_known_integrin_combination,,,,
163,1521,FALSE,,,Well_known_integrin_combination,,,,
164,1522,FALSE,,,Well_known_integrin_combination,,,,
165,1523,FALSE,,,Well_known_integrin_combination,,,,
166,1524,FALSE,,,Well_known_integrin_combination,,,,
167,1525,FALSE,,,Well_known_integrin_combination,,,,
168,1526,TRUE,1jv2,ITGAV;ITGB3,Well_known_integrin_combination,,,,
169,1527,FALSE,,,Well_known_integrin_combination,,,,
170,1528,TRUE,4um8,ITGAV;ITGB6,Well_known_integrin_combination,,,,
171,1529,FALSE,,,Well_known_integrin_combination,,,,
172,1530,TRUE,3k6s,ITGAX;ITGB2,Well_known_integrin_combination,,,,
173,1531,FALSE,,,,,,,
174,1532,FALSE,,,,,,,
175,1533,FALSE,,,,,,,
176,1534,FALSE,,,,,,,RHEA:34287
177,1535,FALSE,,,,R-HSA-266072,,,RHEA:22325
178,1536,FALSE,,,,R-HSA-266050,,,RHEA:17619
179,1537,FALSE,,,,R-HSA-266046,,,RHEA:31564
180,1538,FALSE,,,,R-HSA-266012,,,RHEA:48617
181,1539,FALSE,,,,R-HSA-266012,,,RHEA:48617
182,1540,FALSE,,,,R-HSA-266012,,,RHEA:48617
183,1541,FALSE,,,Heterodimer_composed_of_LIFR_and_IL6ST,,,,
184,1542,FALSE,,,,R-HSA-2161775,,,RHEA:48584
185,1543,FALSE,,,,R-HSA-2161917,,,
186,1544,partial,3ml4,DOK7;DOK7;MUSK;MUSK,MUSK_Interacts_with_LRP4;_the_heterodimer_forms_an_AGRIN_receptor_complex_that_binds_AGRIN_resulting_in_activation_of_MUSK,,,,
187,1545,FALSE,,,,R-HSA-209840,,,
188,1546,FALSE,,,,R-HSA-209821,,,RHEA:15573
189,1547,FALSE,,,,,,,
190,1548,FALSE,,,,,,,
191,1549,FALSE,,,,,,,
192,1550,FALSE,,,Heterohexamer_composed_of_two_subunits_of_KLRK1_and_four_subunits_of_HCST_DAP10,,,,
193,1551,FALSE,,,,,R-HSA-1181125,,
194,1552,FALSE,,,,,R-HSA-1181125,,
195,1553,FALSE,,,,,,,
196,1554,FALSE,,,,,,,
197,1555,FALSE,,,,,R-HSA-1181125,,
198,1556,FALSE,,,,,R-HSA-1181125,,
199,1557,FALSE,,,,R-HSA-209891,,,
200,1558,FALSE,,,Heterodimer_composed_of_OSMR_and_IL6ST_(type_II_OSM_receptor),,,,
201,1559,FALSE,,,heterodimers_formed_byPDGFA_and_PDGFB,,,,
202,1560,FALSE,,,,,R-HSA-374575,,
203,1561,FALSE,,,PMID:_22325954,,,,
204,1562,FALSE,,,PMID:_22325954,,,,
205,1563,FALSE,,,PMID:_22325954,,,,
206,1564,FALSE,,,PMID:_22325954,,,,
207,1565,FALSE,,,PMID:_22325954,,,,
208,1566,FALSE,,,PMID:_22325954,,,,
209,1567,FALSE,,,,R-HSA-193101,,,RHEA:35739
210,1568,FALSE,,,,R-HSA-193052,,,RHEA:43928
211,1569,FALSE,,,,R-HSA-76496,,,
212,1570,FALSE,,,,,,,RHEA:10140
213,1571,FALSE,,,,R-HSA-2161660,,,RHEA:12894
214,1572,FALSE,,,,R-HSA-265295,,,RHEA:12894
215,1573,FALSE,,,,R-HSA-265295,,,RHEA:12894
216,1574,FALSE,,,,R-HSA-2161549,,,RHEA:45314
217,1575,FALSE,,,,R-HSA-2161651,,,RHEA:24510
218,1576,FALSE,,,,R-HSA-2161612,,,RHEA:28214
219,1577,FALSE,,,,,R-HSA-5632584,,
220,1578,FALSE,,,,R-HSA-5632652,,,
221,1579,FALSE,,,,R-HSA-5632649,,,
222,1580,FALSE,,,PMID:25448692,,,,
223,1581,FALSE,,,PMID:25448692,,,,
224,1582,FALSE,,,PMID:25448692,,,,
225,1583,TRUE,3n7p,CALCRL;RAMP1,Heterodimer_of_CALCRL_and_RAMP3_(bysimilarity)_Heterodimer_of_CALCRL_and_RAMP1_or_CALCRL_and_RAMP2,,,,
226,1584,TRUE,3aqf,CALCRL;RAMP2,Heterodimer_of_CALCRL_and_RAMP3_(bysimilarity)_Heterodimer_of_CALCRL_and_RAMP1_or_CALCRL_and_RAMP2,,,,
227,1585,FALSE,,,Transports_the_calcitonin_gene_related_peptide_type_1_receptor_(CALCRL)_and_GPER1_to_the_plasma_membrane,,,,
228,1586,FALSE,,,,,R-HSA-5334826,,
229,1587,FALSE,,,,,R-HSA-5334826,,
230,1588,FALSE,,,,,R-HSA-5334826,,
231,1589,FALSE,,,,,R-HSA-5334826,,
232,1590,FALSE,,,,,R-HSA-5334826,,
233,1591,FALSE,,,,,R-HSA-5334826,,
234,1592,FALSE,,,,,R-HSA-5334826,,
235,1593,FALSE,,,,,R-HSA-5334826,,
236,1594,FALSE,,,,,R-HSA-5334826,,
237,1595,FALSE,,,,,,,
238,1596,FALSE,,,,,,,
239,1597,FALSE,,,,,,,
240,1598,FALSE,,,,,,,
241,1599,FALSE,,,,R-HSA-209859,,,RHEA:18534
242,1600,FALSE,,,Homodimer;_disulfide_linked_Interacts_with_TYROBP_This_interaction_results_in_the_recruitment_of_SYK,,,,
243,1601,FALSE,,,Interacts_with_BSG;_this_is_required_for_expression_at_the_cell_membrane,,,,
244,1602,FALSE,,,,,,,RHEA:14983
245,1603,FALSE,,,,R-HSA-193064,,,RHEA:14983
246,1604,FALSE,,,,R-HSA-193064,,,RHEA:14983
247,1605,FALSE,,,"Heterohexamer;_TGFB1,_TGFB2_and_TGFB3_homodimeric_ligands_assemble_a_functional_receptor_composed_of_two_TGFBR1_and_TGFBR2_heterodimers_to_form_a_ligand_receptor_heterohexamer",,,,
248,1606,FALSE,,,,,,,
249,1607,FALSE,,,,,,,
250,1608,FALSE,,,,,,,
251,1609,FALSE,,,,,,,
252,1610,FALSE,,,,R-HSA-76500,,,RHEA:17138
253,1611,FALSE,,,,,R-HSA-8942418,,
254,1612,FALSE,,,,,R-HSA-8942418,,
255,1613,FALSE,,,Interacts_with_TYROBP_DAP12,,,,
256,1614,FALSE,,,,,,,
257,1615,binding,5j11,CRLF2;IL7R;TSLP,The_TSLP_receptor_is_a_heterodimer_of_CRLF2_and_IL7R,,,,
258,1616,binding,3se3,IFNA2;IFNAR1;IFNAR2,Heterodimer_with_IFNAR2,,,,
259,1617,binding,1fg9,IFNG;IFNG;IFNGR1;IFNGR1;IFNGR1,Associates_with_IFNGR2_to_form_a_receptor_for_the_cytokine_interferon_gamma_(IFNG),,,,
260,1618,FALSE,,,,,,,
261,1619,FALSE,,,,,,,
262,1620,FALSE,,,,,,,
263,1621,FALSE,,,,,,,
264,1622,FALSE,,,,,,,
265,1623,FALSE,,,,,,,
266,1624,FALSE,,,,,,,
267,1625,FALSE,,,,,,,
268,1626,FALSE,,,,,,,
269,1627,FALSE,,,,,,,
270,1628,FALSE,,,,,,,
271,1629,FALSE,,,,,,,
272,1630,FALSE,,,,,,,
273,1631,FALSE,,,,,,,
274,1632,FALSE,,,,,,,
275,1633,FALSE,,,,,,,
276,1634,FALSE,,,,,,,
277,1635,FALSE,,,,,,,
278,1636,FALSE,,,,,,,
279,1637,FALSE,,,,,,,
280,1638,FALSE,,,,,,,
281,1639,FALSE,,,,,,,
282,1640,FALSE,,,,,,,
283,1641,FALSE,,,,,,,
284,1642,FALSE,,,,,,,
285,1643,FALSE,,,,,,,
286,1644,FALSE,,,,,,,
287,1645,FALSE,,,,,,,
288,1646,FALSE,,,,,,,
289,1647,FALSE,,,,,,,
290,1648,FALSE,,,,,,,
291,1649,FALSE,,,,,,,
292,1650,FALSE,,,,,,,
293,1651,FALSE,,,,,,,
294,1652,FALSE,,,,,,,
295,1653,FALSE,,,,,,,
296,1654,FALSE,,,,,,,
297,1655,FALSE,,,,,,,
298,1656,FALSE,,,,,,,
299,1657,FALSE,,,,,,,
300,1658,FALSE,,,,,,,
301,1659,FALSE,,,,,,,
302,1660,FALSE,,,,,,,
303,1661,FALSE,,,,,,,
304,1662,FALSE,,,,,,,
305,1663,FALSE,,,,,,,
306,1664,FALSE,,,,,,,
307,1665,FALSE,,,,,,,
308,1666,FALSE,,,,,,,
309,1667,FALSE,,,,,,,
310,1668,FALSE,,,,,,,
311,1669,FALSE,,,,,,,
312,1670,FALSE,,,,,,,
313,1671,FALSE,,,,,,,
314,1672,FALSE,,,,,,,
315,1673,FALSE,,,,,,,
316,1674,FALSE,,,,,,,
317,1675,FALSE,,,,,,,
318,1676,FALSE,,,,,,,
319,1677,FALSE,,,,,,,
320,1678,FALSE,,,,,,,
321,1679,FALSE,,,,,,,
322,1680,FALSE,,,,,,,
323,1681,FALSE,,,,,,,
324,1682,FALSE,,,,,,,
325,1683,FALSE,,,,,,,
326,1684,FALSE,,,,,,,
327,1685,FALSE,,,,,,,
328,1686,FALSE,,,,,,,
329,1687,FALSE,,,,,,,
330,1688,FALSE,,,,,,,
331,1689,FALSE,,,,,,,
332,1690,FALSE,,,,,,,
333,1691,FALSE,,,,,,,
334,1692,FALSE,,,,,,,
335,1693,FALSE,,,,,,,
336,1694,FALSE,,,,,,,
337,1695,FALSE,,,,,,,
338,1696,FALSE,,,,,,,
339,1697,FALSE,,,,,,,
340,1698,FALSE,,,,,,,
341,1699,FALSE,,,,,,,
342,1700,FALSE,,,,,,,
343,1701,FALSE,,,,,,,
344,1702,FALSE,,,,,,,
345,1703,FALSE,,,,,,,
346,1704,FALSE,,,,,,,
347,1705,FALSE,,,,,,,
348,1706,FALSE,,,,,,,
349,1707,FALSE,,,,,,,
350,1708,FALSE,,,,,,,
351,1709,FALSE,,,,,,,
352,1710,FALSE,,,,,,,
353,1711,FALSE,,,,,,,
354,1712,FALSE,,,,,,,
355,1713,FALSE,,,,,,,
356,1714,FALSE,,,,,,,
357,1715,FALSE,,,,,,,
358,1716,FALSE,,,,,,,
359,1717,FALSE,,,,,,,
360,1718,FALSE,,,,,,,
361,1719,FALSE,,,,,,,
362,1720,FALSE,,,,,,,
363,1721,FALSE,,,,,,,
