id_gene,ensembl,gene_name,hgnc_symbol,protein_name,protein_id
0,ENSG00000196502,SULT1A1,SULT1A1,ST1A1_HUMAN,1175
1,ENSG00000154127,UBASH3B,UBASH3B,UBS3B_HUMAN,1134
2,ENSG00000128039,SRD5A3,SRD5A3,PORED_HUMAN,1167
3,ENSG00000105398,SULT2A1,SULT2A1,ST2A1_HUMAN,1172
4,ENSG00000277893,SRD5A2,SRD5A2,S5A2_HUMAN,1151
5,ENSG00000109193,SULT1E1,SULT1E1,ST1E1_HUMAN,1174
6,ENSG00000231852,CYP21A2,CYP21A2,CP21A_HUMAN,1162
7,ENSG00000145545,SRD5A1,SRD5A1,S5A1_HUMAN,1105
8,ENSG00000186038,HTR3E,HTR3E,5HT3E_HUMAN,32
9,ENSG00000206384,COL6A6,COL6A6,CO6A6_HUMAN,33
10,ENSG00000172752,COL6A5,COL6A5,CO6A5_HUMAN,34
11,ENSG00000276085,CCL3L1,CCL3L1,CCL3L1,376
12,ENSG00000256797,KLRF2,KLRF2,KLRF2_HUMAN,35
13,ENSG00000224320,HLA-A,HLA-A,HLAA,36
14,ENSG00000231834,HLA-A,HLA-A,HLAA,36
15,ENSG00000235657,HLA-A,HLA-A,HLAA,36
16,ENSG00000229215,HLA-A,HLA-A,HLAA,36
17,ENSG00000223980,HLA-A,HLA-A,HLAA,36
18,ENSG00000206505,HLA-A,HLA-A,HLAA,36
1764,ENSG00000206503,HLA-A,HLA-A,HLAA,36
19,ENSG00000232126,HLA-B,HLA-B,HLAB,37
20,ENSG00000206450,HLA-B,HLA-B,HLAB,37
21,ENSG00000228964,HLA-B,HLA-B,HLAB,37
22,ENSG00000224608,HLA-B,HLA-B,HLAB,37
23,ENSG00000223532,HLA-B,HLA-B,HLAB,37
1775,ENSG00000234745,HLA-B,HLA-B,HLAB,37
24,ENSG00000206452,HLA-C,HLA-C,HLAC,38
25,ENSG00000206435,HLA-C,HLA-C,HLAC,38
26,ENSG00000225691,HLA-C,HLA-C,HLAC,38
27,ENSG00000228299,HLA-C,HLA-C,HLAC,38
28,ENSG00000237022,HLA-C,HLA-C,HLAC,38
1774,ENSG00000204525,HLA-C,HLA-C,HLAC,38
29,ENSG00000197919,IFNA1,IFNA1,IFNA1,184
30,ENSG00000233056,ERVH48-1,ERVH48-1,SUPYN_HUMAN,39
31,ENSG00000188763,FZD9,FZD9,FZD9_HUMAN,40
32,ENSG00000106178,CCL24,CCL24,CCL24_HUMAN,41
33,ENSG00000168961,LGALS9,LGALS9,LEG9_HUMAN,42
34,ENSG00000104689,TNFRSF10A,TNFRSF10A,TR10A_HUMAN,43
35,ENSG00000241563,CORT,CORT,CORT_HUMAN,44
36,ENSG00000138696,BMPR1B,BMPR1B,BMR1B_HUMAN,45
37,ENSG00000101307,SIRPB1,SIRPB1,SIRB1_HUMAN,46
38,ENSG00000159723,AGRP,AGRP,AGRP_HUMAN,47
39,ENSG00000143768,LEFTY2,LEFTY2,LFTY2_HUMAN,48
40,ENSG00000112041,TULP1,TULP1,TULP1_HUMAN,49
41,ENSG00000164761,TNFRSF11B,TNFRSF11B,TR11B_HUMAN,50
42,ENSG00000121797,CCRL2,CCRL2,CCRL2_HUMAN,51
43,ENSG00000168546,GFRA2,GFRA2,GFRA2_HUMAN,52
44,ENSG00000188157,AGRN,AGRN,AGRIN_HUMAN,53
45,ENSG00000275555,DLL1,DLL1,DLL1_HUMAN,54
46,ENSG00000198719,DLL1,DLL1,DLL1_HUMAN,54
47,ENSG00000172215,CXCR6,CXCR6,CXCR6_HUMAN,55
48,ENSG00000026297,RNASET2,RNASET2,RNT2_HUMAN,56
49,ENSG00000137077,CCL21,CCL21,CCL21_HUMAN,57
50,ENSG00000144648,ACKR2,ACKR2,ACKR2_HUMAN,58
51,ENSG00000128567,PODXL,PODXL,PODXL_HUMAN,59
52,ENSG00000102962,CCL22,CCL22,CCL22_HUMAN,60
53,ENSG00000154764,WNT7A,WNT7A,WNT7A_HUMAN,61
54,ENSG00000158458,NRG2,NRG2,NRG2_HUMAN,62
55,ENSG00000169248,CXCL11,CXCL11,CXL11_HUMAN,63
56,ENSG00000148344,PTGES,PTGES,PTGES_HUMAN,1118
57,ENSG00000025423,HSD17B6,HSD17B6,H17B6_HUMAN,1100
58,ENSG00000120889,TNFRSF10B,TNFRSF10B,TR10B_HUMAN,64
59,ENSG00000099250,NRP1,NRP1,NRP1_HUMAN,65
60,ENSG00000120659,TNFSF11,TNFSF11,TNF11_HUMAN,66
61,ENSG00000138379,MSTN,MSTN,GDF8_HUMAN,67
62,ENSG00000173535,TNFRSF10C,TNFRSF10C,TR10C_HUMAN,68
63,ENSG00000240505,TNFRSF13B,TNFRSF13B,TR13B_HUMAN,69
64,ENSG00000143816,WNT9A,WNT9A,WNT9A_HUMAN,70
65,ENSG00000158955,WNT9B,WNT9B,WNT9B_HUMAN,71
66,ENSG00000276799,WNT9B,WNT9B,WNT9B_HUMAN,71
67,ENSG00000204475,NCR3,NCR3,NCTR3_HUMAN,72
68,ENSG00000237103,NCR3,NCR3,NCTR3_HUMAN,72
69,ENSG00000225211,NCR3,NCR3,NCTR3_HUMAN,72
70,ENSG00000206430,NCR3,NCR3,NCTR3_HUMAN,72
71,ENSG00000236979,NCR3,NCR3,NCTR3_HUMAN,72
72,ENSG00000223833,NCR3,NCR3,NCTR3_HUMAN,72
73,ENSG00000236315,NCR3,NCR3,NCTR3_HUMAN,72
74,ENSG00000237808,NCR3,NCR3,NCTR3_HUMAN,72
75,ENSG00000124882,EREG,EREG,EREG_HUMAN,73
76,ENSG00000196576,PLXNB2,PLXNB2,PLXB2_HUMAN,74
77,ENSG00000170381,SEMA3E,SEMA3E,SEM3E_HUMAN,75
78,ENSG00000091879,ANGPT2,ANGPT2,ANGP2_HUMAN,76
79,ENSG00000030304,MUSK,MUSK,MUSK_HUMAN,77
80,ENSG00000106123,EPHB6,EPHB6,EPHB6_HUMAN,78
81,ENSG00000170775,GPR37,GPR37,GPR37_HUMAN,79
82,ENSG00000131142,CCL25,CCL25,CCL25_HUMAN,80
83,ENSG00000275152,CCL16,CCL16,CCL16_HUMAN,81
84,ENSG00000275095,CCL16,CCL16,CCL16_HUMAN,81
85,ENSG00000070193,FGF10,FGF10,FGF10_HUMAN,82
86,ENSG00000111012,CYP27B1,CYP27B1,CP27B_HUMAN,1086
87,ENSG00000164050,PLXNB1,PLXNB1,PLXB1_HUMAN,83
88,ENSG00000102539,MLNR,MLNR,MTLR_HUMAN,84
89,ENSG00000139549,DHH,DHH,DHH_HUMAN,85
90,ENSG00000239697,TNFSF12,TNFSF12,TNF12_HUMAN,86
91,ENSG00000125787,GNRH2,GNRH2,GON2_HUMAN,87
92,ENSG00000125735,TNFSF14,TNFSF14,TNF14_HUMAN,88
93,ENSG00000182687,GALR2,GALR2,GALR2_HUMAN,89
94,ENSG00000161610,HCRT,HCRT,OREX_HUMAN,90
95,ENSG00000121764,HCRTR1,HCRTR1,OX1R_HUMAN,91
96,ENSG00000137252,HCRTR2,HCRTR2,OX2R_HUMAN,92
97,ENSG00000011600,TYROBP,TYROBP,TYOBP_HUMAN,93
98,ENSG00000165197,VEGFD,VEGFD,VEGFD_HUMAN,94
99,ENSG00000099617,EFNA2,EFNA2,EFNA2_HUMAN,95
100,ENSG00000156234,CXCL13,CXCL13,CXL13_HUMAN,96
101,ENSG00000158815,FGF17,FGF17,FGF17_HUMAN,97
102,ENSG00000164930,FZD6,FZD6,FZD6_HUMAN,98
103,ENSG00000164404,GDF9,GDF9,GDF9_HUMAN,99
104,ENSG00000118257,NRP2,NRP2,NRP2_HUMAN,100
105,ENSG00000171587,DSCAM,DSCAM,DSCAM_HUMAN,101
106,ENSG00000136040,PLXNC1,PLXNC1,PLXC1_HUMAN,102
107,ENSG00000107611,CUBN,CUBN,CUBN_HUMAN,103
108,ENSG00000125650,PSPN,PSPN,PSPN_HUMAN,104
109,ENSG00000146013,GFRA3,GFRA3,GFRA3_HUMAN,105
110,ENSG00000128310,GALR3,GALR3,GALR3_HUMAN,106
111,ENSG00000170075,GPR37L1,GPR37L1,G37L1_HUMAN,8
112,ENSG00000132329,RAMP1,RAMP1,RAMP1_HUMAN,107
113,ENSG00000131477,RAMP2,RAMP2,RAMP2_HUMAN,108
114,ENSG00000122679,RAMP3,RAMP3,RAMP3_HUMAN,109
115,ENSG00000076356,PLXNA2,PLXNA2,PLXA2_HUMAN,110
116,ENSG00000155760,FZD7,FZD7,FZD7_HUMAN,111
117,ENSG00000187122,SLIT1,SLIT1,SLIT1_HUMAN,112
118,ENSG00000134569,LRP4,LRP4,LRP4_HUMAN,113
119,ENSG00000160223,ICOSLG,ICOSLG,ICOSL_HUMAN,114
120,ENSG00000162337,LRP5,LRP5,LRP5_HUMAN,115
121,ENSG00000138623,SEMA7A,SEMA7A,SEM7A_HUMAN,116
122,ENSG00000144852,NR1I2,NR1I2,NR1I2_HUMAN,27
123,ENSG00000139292,LGR5,LGR5,LGR5_HUMAN,117
124,ENSG00000146072,TNFRSF21,TNFRSF21,TNR21_HUMAN,118
125,ENSG00000143127,ITGA10,ITGA10,ITA10_HUMAN,119
126,ENSG00000070018,LRP6,LRP6,LRP6_HUMAN,120
127,ENSG00000281324,LRP6,LRP6,LRP6_HUMAN,120
128,ENSG00000243709,LEFTY1,LEFTY1,LFTY1_HUMAN,121
129,ENSG00000182220,ATP6AP2,ATP6AP2,RENR_HUMAN,11
130,ENSG00000161955,TNFSF13,TNFSF13,TNF13_HUMAN,122
131,ENSG00000128918,ALDH1A2,ALDH1A2,AL1A2_HUMAN,1154
132,ENSG00000145147,SLIT2,SLIT2,SLIT2_HUMAN,123
133,ENSG00000107984,DKK1,DKK1,DKK1_HUMAN,124
134,ENSG00000267534,S1PR2,S1PR2,S1PR2_HUMAN,125
135,ENSG00000181634,TNFSF15,TNFSF15,TNF15_HUMAN,126
136,ENSG00000182168,UNC5C,UNC5C,UNC5C_HUMAN,127
137,ENSG00000115607,IL18RAP,IL18RAP,I18RA_HUMAN,128
138,ENSG00000149305,HTR3B,HTR3B,5HT3B_HUMAN,129
139,ENSG00000135414,GDF11,GDF11,GDF11_HUMAN,130
140,ENSG00000163217,BMP10,BMP10,BMP10_HUMAN,131
141,ENSG00000049247,UTS2,UTS2,UTS2_HUMAN,132
142,ENSG00000243509,TNFRSF6B,TNFRSF6B,TNF6B_HUMAN,133
143,ENSG00000165029,ABCA1,ABCA1,ABCA1_HUMAN,2
144,ENSG00000065320,NTN1,NTN1,NET1_HUMAN,134
145,ENSG00000145824,CXCL14,CXCL14,CXL14_HUMAN,135
146,ENSG00000109943,CRTAM,CRTAM,CRTAM_HUMAN,136
147,ENSG00000162344,FGF19,FGF19,FGF19_HUMAN,137
148,ENSG00000137033,IL33,IL33,IL33_HUMAN,138
149,ENSG00000119737,GPR75,GPR75,GPR75_HUMAN,139
150,ENSG00000147869,CER1,CER1,CER1_HUMAN,140
151,ENSG00000065325,GLP2R,GLP2R,GLP2R_HUMAN,141
152,ENSG00000117281,CD160,CD160,BY55_HUMAN,142
153,ENSG00000130385,BMP15,BMP15,BMP15_HUMAN,143
154,ENSG00000085741,WNT11,WNT11,WNT11_HUMAN,144
155,ENSG00000165092,ALDH1A1,ALDH1A1,AL1A1_HUMAN,1142
156,ENSG00000146648,EGFR,EGFR,EGFR_HUMAN,145
157,ENSG00000180210,F2,F2,THRB_HUMAN,146
158,ENSG00000126218,F10,F10,FA10_HUMAN,147
159,ENSG00000122194,PLG,PLG,PLMN_HUMAN,148
160,ENSG00000122861,PLAU,PLAU,UROK_HUMAN,149
161,ENSG00000143839,REN,REN,RENI_HUMAN,150
162,ENSG00000135744,AGT,AGT,ANGT_HUMAN,151
163,ENSG00000125730,C3,C3,CO3_HUMAN,152
164,ENSG00000106804,C5,C5,CO5_HUMAN,153
165,ENSG00000113889,KNG1,KNG1,KNG1_HUMAN,154
166,ENSG00000100311,PDGFB,PDGFB,PDGFB_HUMAN,155
167,ENSG00000138798,EGF,EGF,EGF_HUMAN,156
168,ENSG00000163235,TGFA,TGFA,TGFA_HUMAN,157
169,ENSG00000105329,TGFB1,TGFB1,TGFB1_HUMAN,158
170,ENSG00000134259,NGF,NGF,NGF_HUMAN,159
171,ENSG00000147437,GNRH1,GNRH1,GON1_HUMAN,160
172,ENSG00000175206,NPPA,NPPA,ANF_HUMAN,161
173,ENSG00000101405,OXT,OXT,NEU1_HUMAN,162
174,ENSG00000101200,AVP,AVP,NEU2_HUMAN,163
175,ENSG00000115138,POMC,POMC,COLI_HUMAN,164
176,ENSG00000181195,PENK,PENK,PENK_HUMAN,165
177,ENSG00000101327,PDYN,PDYN,PDYN_HUMAN,166
178,ENSG00000135346,CGA,CGA,GLHA_HUMAN,1354
179,ENSG00000134200,TSHB,TSHB,TSHB_HUMAN,167
180,ENSG00000131808,FSHB,FSHB,FSHB_HUMAN,168
181,ENSG00000104826,LHB,LHB,LSHB_HUMAN,169
182,ENSG00000172179,PRL,PRL,PRL_HUMAN,170
183,ENSG00000259384,GH1,GH1,SOMA_HUMAN,171
184,ENSG00000136487,GH2,GH2,SOM2_HUMAN,172
185,ENSG00000110680,CALCA,CALCA,CALC_HUMAN,173
186,ENSG00000042832,TG,TG,THYG_HUMAN,174
187,ENSG00000152266,PTH,PTH,PTHY_HUMAN,175
188,ENSG00000115263,GCG,GCG,GLUC_HUMAN,176
189,ENSG00000146469,VIP,VIP,VIP_HUMAN,177
190,ENSG00000118702,GHRH,GHRH,SLIB_HUMAN,178
191,ENSG00000254647,INS,INS,INS_HUMAN,179
192,ENSG00000167244,IGF2,IGF2,IGF2_HUMAN,180
193,ENSG00000184502,GAST,GAST,GAST_HUMAN,181
194,ENSG00000230279,LTA,LTA,TNFB_HUMAN,182
195,ENSG00000226979,LTA,LTA,TNFB_HUMAN,182
196,ENSG00000231408,LTA,LTA,TNFB_HUMAN,182
197,ENSG00000232810,TNF,TNF,TNFA_HUMAN,183
198,ENSG00000228849,TNF,TNF,TNFA_HUMAN,183
199,ENSG00000230108,TNF,TNF,TNFA_HUMAN,183
200,ENSG00000204490,TNF,TNF,TNFA_HUMAN,183
201,ENSG00000206439,TNF,TNF,TNFA_HUMAN,183
202,ENSG00000228321,TNF,TNF,TNFA_HUMAN,183
203,ENSG00000223952,TNF,TNF,TNFA_HUMAN,183
204,ENSG00000188379,IFNA2,IFNA2,IFNA2_HUMAN,185
205,ENSG00000186803,IFNA10,IFNA10,IFN10_HUMAN,186
206,ENSG00000214042,IFNA7,IFNA7,IFNA7_HUMAN,187
207,ENSG00000137080,IFNA21,IFNA21,IFN21_HUMAN,188
208,ENSG00000147873,IFNA5,IFNA5,IFNA5_HUMAN,189
209,ENSG00000228083,IFNA14,IFNA14,IFN14_HUMAN,190
210,ENSG00000234829,IFNA17,IFNA17,IFN17_HUMAN,191
211,ENSG00000171855,IFNB1,IFNB1,IFNB_HUMAN,192
212,ENSG00000111537,IFNG,IFNG,IFNG_HUMAN,193
213,ENSG00000115008,IL1A,IL1A,IL1A_HUMAN,194
214,ENSG00000125538,IL1B,IL1B,IL1B_HUMAN,195
215,ENSG00000130427,EPO,EPO,EPO_HUMAN,196
216,ENSG00000134460,IL2RA,IL2RA,IL2RA_HUMAN,197
217,ENSG00000153563,CD8A,CD8A,CD8A_HUMAN,198
218,ENSG00000108821,COL1A1,COL1A1,CO1A1_HUMAN,199
219,ENSG00000139219,COL2A1,COL2A1,CO2A1_HUMAN,200
220,ENSG00000168542,COL3A1,COL3A1,CO3A1_HUMAN,201
221,ENSG00000187498,COL4A1,COL4A1,CO4A1_HUMAN,202
222,ENSG00000118137,APOA1,APOA1,APOA1_HUMAN,203
223,ENSG00000130203,APOE,APOE,APOE_HUMAN,204
224,ENSG00000158874,APOA2,APOA2,APOA2_HUMAN,205
225,ENSG00000171560,FGA,FGA,FIBA_HUMAN,206
226,ENSG00000171564,FGB,FGB,FIBB_HUMAN,207
227,ENSG00000171557,FGG,FGG,FIBG_HUMAN,208
228,ENSG00000138435,CHRNA1,CHRNA1,ACHA_HUMAN,209
229,ENSG00000115414,FN1,FN1,FINC_HUMAN,210
230,ENSG00000138207,RBP4,RBP4,RET4_HUMAN,211
231,ENSG00000163631,ALB,ALB,ALBU_HUMAN,212
232,ENSG00000163736,PPBP,PPBP,CXCL7_HUMAN,213
233,ENSG00000163737,PF4,PF4,PLF4_HUMAN,214
234,ENSG00000169245,CXCL10,CXCL10,CXL10_HUMAN,215
235,ENSG00000072274,TFRC,TFRC,TFR1_HUMAN,216
236,ENSG00000091513,TF,TF,TRFE_HUMAN,217
237,ENSG00000087086,FTL,FTL,FRIL_HUMAN,25
238,ENSG00000167996,FTH1,FTH1,FRIH_HUMAN,20
239,ENSG00000091831,ESR1,ESR1,ESR1_HUMAN,0
240,ENSG00000104899,AMH,AMH,MIS_HUMAN,218
241,ENSG00000109072,VTN,VTN,VTNC_HUMAN,219
242,ENSG00000115718,PROC,PROC,PROC_HUMAN,220
243,ENSG00000135046,ANXA1,ANXA1,ANXA1_HUMAN,221
244,ENSG00000197461,PDGFA,PDGFA,PDGFA_HUMAN,222
245,ENSG00000107014,RLN2,RLN2,REL2_HUMAN,223
246,ENSG00000084674,APOB,APOB,APOB_HUMAN,224
247,ENSG00000164400,CSF2,CSF2,CSF2_HUMAN,225
248,ENSG00000113580,NR3C1,NR3C1,GCR_HUMAN,4
249,ENSG00000154096,THY1,THY1,THY1_HUMAN,226
250,ENSG00000019582,CD74,CD74,HG2A_HUMAN,227
251,ENSG00000110799,VWF,VWF,VWF_HUMAN,228
252,ENSG00000141736,ERBB2,ERBB2,ERBB2_HUMAN,229
253,ENSG00000125084,WNT1,WNT1,WNT1_HUMAN,230
254,ENSG00000198400,NTRK1,NTRK1,NTRK1_HUMAN,231
255,ENSG00000177047,IFNW1,IFNW1,IFNW1_HUMAN,232
256,ENSG00000120235,IFNA6,IFNA6,IFNA6_HUMAN,233
257,ENSG00000236637,IFNA4,IFNA4,IFNA4_HUMAN,234
258,ENSG00000147885,IFNA16,IFNA16,IFN16_HUMAN,235
259,ENSG00000017427,IGF1,IGF1,IGF1_HUMAN,236
260,ENSG00000142192,APP,APP,A4_HUMAN,237
261,ENSG00000148795,CYP17A1,CYP17A1,CP17A_HUMAN,1119
262,ENSG00000259207,ITGB3,ITGB3,ITB3_HUMAN,238
263,ENSG00000160255,ITGB2,ITGB2,ITB2_HUMAN,239
264,ENSG00000140459,CYP11A1,CYP11A1,CP11A_HUMAN,1144
265,ENSG00000123999,INHA,INHA,INHA_HUMAN,240
266,ENSG00000113520,IL4,IL4,IL4_HUMAN,241
267,ENSG00000113525,IL5,IL5,IL5_HUMAN,242
268,ENSG00000113578,FGF1,FGF1,FGF1_HUMAN,243
269,ENSG00000136244,IL6,IL6,IL6_HUMAN,244
270,ENSG00000090339,ICAM1,ICAM1,ICAM1_HUMAN,245
271,ENSG00000150093,ITGB1,ITGB1,ITB1_HUMAN,246
272,ENSG00000204262,COL5A2,COL5A2,CO5A2_HUMAN,247
273,ENSG00000171105,INSR,INSR,INSR_HUMAN,248
274,ENSG00000182866,LCK,LCK,LCK_HUMAN,249
275,ENSG00000187094,CCK,CCK,CCKN_HUMAN,250
276,ENSG00000082175,PGR,PGR,PRGR_HUMAN,23
277,ENSG00000116824,CD2,CD2,CD2_HUMAN,251
278,ENSG00000105388,CEACAM5,CEACAM5,CEAM5_HUMAN,252
279,ENSG00000104921,FCER2,FCER2,FCER2_HUMAN,253
280,ENSG00000138448,ITGAV,ITGAV,ITAV_HUMAN,254
281,ENSG00000147571,CRH,CRH,CRF_HUMAN,255
282,ENSG00000115705,TPO,TPO,PERT_HUMAN,1166
283,ENSG00000178726,THBD,THBD,TRBM_HUMAN,256
284,ENSG00000185624,P4HB,P4HB,PDIA1_HUMAN,257
285,ENSG00000182578,CSF1R,CSF1R,CSF1R_HUMAN,258
286,ENSG00000185245,GP1BA,GP1BA,GP1BA_HUMAN,259
287,ENSG00000134443,GRP,GRP,GRP_HUMAN,260
288,ENSG00000169252,ADRB2,ADRB2,ADRB2_HUMAN,261
289,ENSG00000197746,PSAP,PSAP,SAP_HUMAN,262
290,ENSG00000165731,RET,RET,RET_HUMAN,263
291,ENSG00000137801,THBS1,THBS1,TSP1_HUMAN,264
292,ENSG00000140443,IGF1R,IGF1R,IGF1R_HUMAN,265
293,ENSG00000164692,COL1A2,COL1A2,CO1A2_HUMAN,266
294,ENSG00000064300,NGFR,NGFR,TNR16_HUMAN,267
295,ENSG00000181072,CHRM2,CHRM2,ACM2_HUMAN,268
296,ENSG00000180720,CHRM4,CHRM4,ACM4_HUMAN,269
297,ENSG00000196352,CD55,CD55,DAF_HUMAN,270
298,ENSG00000151623,NR3C2,NR3C2,MCR_HUMAN,21
299,ENSG00000087245,MMP2,MMP2,MMP2_HUMAN,271
300,ENSG00000122641,INHBA,INHBA,INHBA_HUMAN,272
301,ENSG00000005961,ITGA2B,ITGA2B,ITA2B_HUMAN,273
302,ENSG00000134871,COL4A2,COL4A2,CO4A2_HUMAN,274
303,ENSG00000081237,PTPRC,PTPRC,PTPRC_HUMAN,275
304,ENSG00000262418,PTPRC,PTPRC,PTPRC_HUMAN,275
305,ENSG00000105976,MET,MET,MET_HUMAN,276
306,ENSG00000043591,ADRB1,ADRB1,ADRB1_HUMAN,277
307,ENSG00000075388,FGF4,FGF4,FGF4_HUMAN,278
308,ENSG00000161638,ITGA5,ITGA5,ITA5_HUMAN,279
309,ENSG00000160868,CYP3A4,CYP3A4,CP3A4_HUMAN,1152
310,ENSG00000164399,IL3,IL3,IL3_HUMAN,280
311,ENSG00000160712,IL6R,IL6R,IL6RA_HUMAN,281
312,ENSG00000178394,HTR1A,HTR1A,5HT1A_HUMAN,282
313,ENSG00000184984,CHRM5,CHRM5,ACM5_HUMAN,283
314,ENSG00000150594,ADRA2A,ADRA2A,ADA2A_HUMAN,284
315,ENSG00000197696,NMB,NMB,NMB_HUMAN,285
316,ENSG00000138685,FGF2,FGF2,FGF2_HUMAN,286
317,ENSG00000123454,DBH,DBH,DOPO_HUMAN,287
318,ENSG00000117091,CD48,CD48,CD48_HUMAN,288
319,ENSG00000163739,CXCL1,CXCL1,GROA_HUMAN,289
320,ENSG00000163083,INHBB,INHBB,INHBB_HUMAN,290
321,ENSG00000105989,WNT2,WNT2,WNT2_HUMAN,291
322,ENSG00000184371,CSF1,CSF1,CSF1_HUMAN,292
323,ENSG00000113721,PDGFRB,PDGFRB,PGFRB_HUMAN,293
324,ENSG00000159224,GIP,GIP,GIP_HUMAN,294
325,ENSG00000070031,SCT,SCT,SECR_HUMAN,295
326,ENSG00000274473,SCT,SCT,SECR_HUMAN,295
327,ENSG00000275565,ALOX5,ALOX5,LOX5_HUMAN,296
328,ENSG00000012779,ALOX5,ALOX5,LOX5_HUMAN,296
329,ENSG00000108342,CSF3,CSF3,CSF3_HUMAN,297
330,ENSG00000111144,LTA4H,LTA4H,LKHA4_HUMAN,1178
331,ENSG00000206340,C4A,C4A,CO4A_HUMAN,298
332,ENSG00000244731,C4A,C4A,CO4A_HUMAN,298
333,ENSG00000227746,C4A,C4A,CO4A_HUMAN,298
334,ENSG00000214285,NPS,NPS,NPS_HUMAN,299
335,ENSG00000136698,CFC1,CFC1,CFC1_HUMAN,300
336,ENSG00000173432,SAA1,SAA1,SAA1_HUMAN,301
337,ENSG00000248329,APELA,APELA,ELA_HUMAN,302
338,ENSG00000282608,ADORA3,ADORA3,AA3R_HUMAN,303
339,ENSG00000175868,CALCB,CALCB,CALCB_HUMAN,304
340,ENSG00000137714,FDX1,FDX1,ADX_HUMAN,1101
341,ENSG00000169429,CXCL8,CXCL8,IL8_HUMAN,305
342,ENSG00000277632,CCL3,CCL3,CCL3_HUMAN,306
343,ENSG00000274221,CCL3,CCL3,CCL3_HUMAN,306
344,ENSG00000278567,CCL3,CCL3,CCL3_HUMAN,306
345,ENSG00000169083,AR,AR,ANDR_HUMAN,12
346,ENSG00000131759,RARA,RARA,RARA_HUMAN,1091
347,ENSG00000118785,SPP1,SPP1,OSTP_HUMAN,307
348,ENSG00000119699,TGFB3,TGFB3,TGFB3_HUMAN,308
349,ENSG00000157404,KIT,KIT,KIT_HUMAN,309
350,ENSG00000178562,CD28,CD28,CD28_HUMAN,310
351,ENSG00000111241,FGF6,FGF6,FGF6_HUMAN,311
352,ENSG00000077092,RARB,RARB,RARB_HUMAN,1090
353,ENSG00000126351,THRA,THRA,THA_HUMAN,16
354,ENSG00000151090,THRB,THRB,THB_HUMAN,24
355,ENSG00000120885,CLU,CLU,CLUS_HUMAN,312
356,ENSG00000112964,GHR,GHR,GHR_HUMAN,313
357,ENSG00000172116,CD8B,CD8B,CD8B_HUMAN,314
358,ENSG00000121351,IAPP,IAPP,IAPP_HUMAN,315
359,ENSG00000135862,LAMC1,LAMC1,LAMC1_HUMAN,316
360,ENSG00000141744,PNMT,PNMT,PNMT_HUMAN,1177
361,ENSG00000169896,ITGAM,ITGAM,ITAM_HUMAN,317
362,ENSG00000168539,CHRM1,CHRM1,ACM1_HUMAN,318
363,ENSG00000186716,BCR,BCR,BCR_HUMAN,319
364,ENSG00000077782,FGFR1,FGFR1,FGFR1_HUMAN,320
365,ENSG00000111424,VDR,VDR,VDR_HUMAN,30
366,ENSG00000186895,FGF3,FGF3,FGF3_HUMAN,321
367,ENSG00000137869,CYP19A1,CYP19A1,CP19A_HUMAN,1157
368,ENSG00000197081,IGF2R,IGF2R,MPRI_HUMAN,322
369,ENSG00000138675,FGF5,FGF5,FGF5_HUMAN,323
370,ENSG00000060718,COL11A1,COL11A1,COBA1_HUMAN,324
371,ENSG00000142156,COL6A1,COL6A1,CO6A1_HUMAN,325
372,ENSG00000142173,COL6A2,COL6A2,CO6A2_HUMAN,326
373,ENSG00000163359,COL6A3,COL6A3,CO6A3_HUMAN,327
374,ENSG00000087494,PTHLH,PTHLH,PTHR_HUMAN,328
375,ENSG00000125845,BMP2,BMP2,BMP2_HUMAN,329
376,ENSG00000125378,BMP4,BMP4,BMP4_HUMAN,330
377,ENSG00000039068,CDH1,CDH1,CADH1_HUMAN,331
378,ENSG00000096395,MLN,MLN,MOTI_HUMAN,332
379,ENSG00000203618,GP1BB,GP1BB,GP1BB_HUMAN,333
380,ENSG00000104432,IL7,IL7,IL7_HUMAN,334
381,ENSG00000275824,CCL4,CCL4,CCL4_HUMAN,335
382,ENSG00000277943,CCL4,CCL4,CCL4_HUMAN,335
383,ENSG00000275302,CCL4,CCL4,CCL4_HUMAN,335
384,ENSG00000241186,TDGF1,TDGF1,TDGF1_HUMAN,336
385,ENSG00000108691,CCL2,CCL2,CCL2_HUMAN,337
386,ENSG00000274233,CCL5,CCL5,CCL5_HUMAN,338
387,ENSG00000271503,CCL5,CCL5,CCL5_HUMAN,338
388,ENSG00000149294,NCAM1,NCAM1,NCAM1_HUMAN,339
389,ENSG00000108622,ICAM2,ICAM2,ICAM2_HUMAN,340
390,ENSG00000115232,ITGA4,ITGA4,ITA4_HUMAN,341
391,ENSG00000172819,RARG,RARG,RARG_HUMAN,1140
392,ENSG00000079385,CEACAM1,CEACAM1,CEAM1_HUMAN,342
393,ENSG00000099985,OSM,OSM,ONCM_HUMAN,343
394,ENSG00000230254,HLA-E,HLA-E,HLAE_HUMAN,344
395,ENSG00000233904,HLA-E,HLA-E,HLAE_HUMAN,344
396,ENSG00000236632,HLA-E,HLA-E,HLAE_HUMAN,344
397,ENSG00000206493,HLA-E,HLA-E,HLAE_HUMAN,344
398,ENSG00000229252,HLA-E,HLA-E,HLAE_HUMAN,344
399,ENSG00000225201,HLA-E,HLA-E,HLAE_HUMAN,344
1765,ENSG00000204592,HLA-E,HLA-E,HLAE_HUMAN,344
400,ENSG00000235708,COL11A2,COL11A2,COBA2_HUMAN,345
401,ENSG00000206290,COL11A2,COL11A2,COBA2_HUMAN,345
402,ENSG00000230930,COL11A2,COL11A2,COBA2_HUMAN,345
403,ENSG00000204248,COL11A2,COL11A2,COBA2_HUMAN,345
404,ENSG00000227801,COL11A2,COL11A2,COBA2_HUMAN,345
405,ENSG00000188778,ADRB3,ADRB3,ADRB3_HUMAN,346
406,ENSG00000203857,HSD3B1,HSD3B1,3BHS1_HUMAN,1098
407,ENSG00000108786,HSD17B1,HSD17B1,DHB1_HUMAN,1158
408,ENSG00000188404,SELL,SELL,LYAM1_HUMAN,347
409,ENSG00000002586,CD99,CD99,CD99_HUMAN,348
410,ENSG00000019991,HGF,HGF,HGF_HUMAN,349
411,ENSG00000149295,DRD2,DRD2,DRD2_HUMAN,350
412,ENSG00000188257,PLA2G2A,PLA2G2A,PA2GA_HUMAN,351
413,ENSG00000077498,TYR,TYR,TYRO_HUMAN,1135
414,ENSG00000115594,IL1R1,IL1R1,IL1R1_HUMAN,352
415,ENSG00000100385,IL2RB,IL2RB,IL2RB_HUMAN,353
416,ENSG00000128342,LIF,LIF,LIF_HUMAN,354
417,ENSG00000085662,AKR1B1,AKR1B1,ALDR_HUMAN,1163
418,ENSG00000073008,PVR,PVR,PVR_HUMAN,355
419,ENSG00000145839,IL9,IL9,IL9_HUMAN,356
420,ENSG00000027697,IFNGR1,IFNGR1,INGR1_HUMAN,357
421,ENSG00000092820,EZR,EZR,EZRI_HUMAN,358
422,ENSG00000198223,CSF2RA,CSF2RA,CSF2R_HUMAN,359
423,ENSG00000109321,AREG,AREG,AREG_HUMAN,360
424,ENSG00000117335,CD46,CD46,MCP_HUMAN,361
425,ENSG00000160882,CYP11B1,CYP11B1,C11B1_HUMAN,1155
426,ENSG00000112715,VEGFA,VEGFA,VEGFA_HUMAN,362
427,ENSG00000158473,CD1D,CD1D,CD1D_HUMAN,363
428,ENSG00000169418,NPR1,NPR1,ANPRA_HUMAN,364
429,ENSG00000026508,CD44,CD44,CD44_HUMAN,365
430,ENSG00000174175,SELP,SELP,LYAM3_HUMAN,366
431,ENSG00000132470,ITGB4,ITGB4,ITB4_HUMAN,367
432,ENSG00000197471,SPN,SPN,LEUK_HUMAN,368
433,ENSG00000159228,CBR1,CBR1,CBR1_HUMAN,1089
434,ENSG00000134853,PDGFRA,PDGFRA,PGFRA_HUMAN,369
435,ENSG00000261371,PECAM1,PECAM1,PECA1_HUMAN,370
436,ENSG00000163599,CTLA4,CTLA4,CTLA4_HUMAN,371
437,ENSG00000015413,DPEP1,DPEP1,DPEP1_HUMAN,372
438,ENSG00000113494,PRLR,PRLR,PRLR_HUMAN,373
439,ENSG00000165409,TSHR,TSHR,TSHR_HUMAN,374
440,ENSG00000007908,SELE,SELE,LYAM2_HUMAN,375
441,ENSG00000135218,CD36,CD36,CD36_HUMAN,377
442,ENSG00000168685,IL7R,IL7R,IL7RA_HUMAN,378
443,ENSG00000142166,IFNAR1,IFNAR1,INAR1_HUMAN,379
444,ENSG00000164171,ITGA2,ITGA2,ITA2_HUMAN,380
445,ENSG00000235680,HLA-G,HLA-G,HLAG_HUMAN,381
446,ENSG00000230413,HLA-G,HLA-G,HLAG_HUMAN,381
447,ENSG00000235346,HLA-G,HLA-G,HLAG_HUMAN,381
448,ENSG00000233095,HLA-G,HLA-G,HLAG_HUMAN,381
449,ENSG00000206506,HLA-G,HLA-G,HLAG_HUMAN,381
450,ENSG00000276051,HLA-G,HLA-G,HLAG_HUMAN,381
451,ENSG00000237216,HLA-G,HLA-G,HLAG_HUMAN,381
1763,ENSG00000204632,HLA-G,HLA-G,HLAG_HUMAN,381
452,ENSG00000160716,CHRNB2,CHRNB2,ACHB2_HUMAN,382
453,ENSG00000131981,LGALS3,LGALS3,LEG3_HUMAN,383
454,ENSG00000146674,IGFBP3,IGFBP3,IBP3_HUMAN,384
455,ENSG00000102755,FLT1,FLT1,VGFR1_HUMAN,385
456,ENSG00000108839,ALOX12,ALOX12,LOX12_HUMAN,1115
457,ENSG00000101144,BMP7,BMP7,BMP7_HUMAN,386
458,ENSG00000082781,ITGB5,ITGB5,ITB5_HUMAN,387
459,ENSG00000274286,ADRA2B,ADRA2B,ADA2B_HUMAN,388
460,ENSG00000141433,ADCYAP1,ADCYAP1,PACA_HUMAN,389
461,ENSG00000136689,IL1RN,IL1RN,IL1RA_HUMAN,390
462,ENSG00000115221,ITGB6,ITGB6,ITB6_HUMAN,391
463,ENSG00000089692,LAG3,LAG3,LAG3_HUMAN,392
464,ENSG00000184160,ADRA2C,ADRA2C,ADA2C_HUMAN,393
465,ENSG00000170558,CDH2,CDH2,CADH2_HUMAN,394
466,ENSG00000179142,CYP11B2,CYP11B2,C11B2_HUMAN,1116
467,ENSG00000140287,HDC,HDC,DCHS_HUMAN,1146
468,ENSG00000187266,EPOR,EPOR,EPOR_HUMAN,395
469,ENSG00000116815,CD58,CD58,LFA3_HUMAN,396
470,ENSG00000162692,VCAM1,VCAM1,VCAM1_HUMAN,397
471,ENSG00000067182,TNFRSF1A,TNFRSF1A,TNR1A_HUMAN,398
472,ENSG00000286070,GGT1,GGT1,GGT1_HUMAN,399
473,ENSG00000100031,GGT1,GGT1,GGT1_HUMAN,399
474,ENSG00000186350,RXRA,RXRA,RXRA_HUMAN,1139
475,ENSG00000170835,CEL,CEL,CEL_HUMAN,400
476,ENSG00000081041,CXCL2,CXCL2,CXCL2_HUMAN,401
477,ENSG00000163734,CXCL3,CXCL3,CXCL3_HUMAN,402
478,ENSG00000117322,CR2,CR2,CR2_HUMAN,403
479,ENSG00000012124,CD22,CD22,CD22_HUMAN,404
480,ENSG00000132965,ALOX5AP,ALOX5AP,AL5AP_HUMAN,405
481,ENSG00000133019,CHRM3,CHRM3,ACM3_HUMAN,406
482,ENSG00000028137,TNFRSF1B,TNFRSF1B,TNR1B_HUMAN,407
483,ENSG00000006128,TAC1,TAC1,TKN1_HUMAN,408
484,ENSG00000183395,PMCH,PMCH,MCH_HUMAN,409
485,ENSG00000170893,TRH,TRH,TRH_HUMAN,410
486,ENSG00000005844,ITGAL,ITGAL,ITAL_HUMAN,411
487,ENSG00000140678,ITGAX,ITGAX,ITAX_HUMAN,412
488,ENSG00000132437,DDC,DDC,DDC_HUMAN,1160
489,ENSG00000185652,NTF3,NTF3,NTF3_HUMAN,413
490,ENSG00000095752,IL11,IL11,IL11_HUMAN,414
491,ENSG00000169242,EFNA1,EFNA1,EFNA1_HUMAN,415
492,ENSG00000112280,COL9A1,COL9A1,CO9A1_HUMAN,416
493,ENSG00000130635,COL5A1,COL5A1,CO5A1_HUMAN,417
494,ENSG00000105894,PTN,PTN,PTN_HUMAN,418
495,ENSG00000075073,TACR2,TACR2,NK2R_HUMAN,419
496,ENSG00000171051,FPR1,FPR1,FPR1_HUMAN,420
497,ENSG00000118432,CNR1,CNR1,CNR1_HUMAN,421
498,ENSG00000049130,KITLG,KITLG,SCF_HUMAN,422
499,ENSG00000146904,EPHA1,EPHA1,EPHA1_HUMAN,423
500,ENSG00000284816,EPHA1,EPHA1,EPHA1_HUMAN,423
501,ENSG00000184845,DRD1,DRD1,DRD1_HUMAN,424
502,ENSG00000197405,C5AR1,C5AR1,C5AR1_HUMAN,425
503,ENSG00000006638,TBXA2R,TBXA2R,TA2R_HUMAN,426
504,ENSG00000110492,MDK,MDK,MK_HUMAN,427
505,ENSG00000140285,FGF7,FGF7,FGF7_HUMAN,428
506,ENSG00000066468,FGFR2,FGFR2,FGFR2_HUMAN,429
507,ENSG00000137101,CD72,CD72,CD72_HUMAN,430
508,ENSG00000065361,ERBB3,ERBB3,ERBB3_HUMAN,431
509,ENSG00000069696,DRD4,DRD4,DRD4_HUMAN,432
510,ENSG00000276825,DRD4,DRD4,DRD4_HUMAN,432
511,ENSG00000169676,DRD5,DRD5,DRD5_HUMAN,433
512,ENSG00000112175,BMP5,BMP5,BMP5_HUMAN,434
513,ENSG00000153162,BMP6,BMP6,BMP6_HUMAN,435
514,ENSG00000062038,CDH3,CDH3,CADH3_HUMAN,436
515,ENSG00000136634,IL10,IL10,IL10_HUMAN,437
516,ENSG00000108702,CCL1,CCL1,CCL1_HUMAN,438
517,ENSG00000160867,FGFR4,FGFR4,FGFR4_HUMAN,439
518,ENSG00000069482,GAL,GAL,GALA_HUMAN,440
519,ENSG00000161513,FDXR,FDXR,ADRO_HUMAN,1128
520,ENSG00000068078,FGFR3,FGFR3,FGFR3_HUMAN,441
521,ENSG00000138039,LHCGR,LHCGR,LSHR_HUMAN,442
522,ENSG00000260314,MRC1,MRC1,MRC1_HUMAN,443
523,ENSG00000091409,ITGA6,ITGA6,ITA6_HUMAN,444
524,ENSG00000106278,PTPRZ1,PTPRZ1,PTPRZ_HUMAN,445
525,ENSG00000117586,TNFSF4,TNFSF4,TNFL4_HUMAN,446
526,ENSG00000176697,BDNF,BDNF,BDNF_HUMAN,447
527,ENSG00000170820,FSHR,FSHR,FSHR_HUMAN,448
528,ENSG00000077238,IL4R,IL4R,IL4RA_HUMAN,449
529,ENSG00000059377,TBXAS1,TBXAS1,THAS_HUMAN,1132
530,ENSG00000041982,TNC,TNC,TENA_HUMAN,450
531,ENSG00000113749,HRH2,HRH2,HRH2_HUMAN,451
532,ENSG00000163464,CXCR1,CXCR1,CXCR1_HUMAN,452
533,ENSG00000180871,CXCR2,CXCR2,CXCR2_HUMAN,453
534,ENSG00000272398,CD24,CD24,CD24_HUMAN,454
535,ENSG00000171812,COL8A2,COL8A2,CO8A2_HUMAN,455
536,ENSG00000187474,FPR3,FPR3,FPR3_HUMAN,456
537,ENSG00000171049,FPR2,FPR2,FPR2_HUMAN,457
538,ENSG00000171873,ADRA1D,ADRA1D,ADA1D_HUMAN,458
539,ENSG00000115353,TACR1,TACR1,NK1R_HUMAN,459
540,ENSG00000144476,ACKR3,ACKR3,ACKR3_HUMAN,460
541,ENSG00000026103,FAS,FAS,TNR6_HUMAN,461
542,ENSG00000080573,COL5A3,COL5A3,CO5A3_HUMAN,462
543,ENSG00000101017,CD40,CD40,TNR5_HUMAN,463
544,ENSG00000005884,ITGA3,ITGA3,ITA3_HUMAN,464
545,ENSG00000139626,ITGB7,ITGB7,ITB7_HUMAN,465
546,ENSG00000105855,ITGB8,ITGB8,ITB8_HUMAN,466
547,ENSG00000242689,CNTF,CNTF,CNTF_HUMAN,467
548,ENSG00000134545,KLRC1,KLRC1,NKG2A_HUMAN,468
549,ENSG00000205809,KLRC2,KLRC2,NKG2C_HUMAN,469
550,ENSG00000213809,KLRK1,KLRK1,NKG2D_HUMAN,470
551,ENSG00000139193,CD27,CD27,CD27_HUMAN,471
552,ENSG00000173531,MST1,MST1,HGFL_HUMAN,472
553,ENSG00000185291,IL3RA,IL3RA,IL3RA_HUMAN,473
554,ENSG00000122756,CNTFR,CNTFR,CNTFR_HUMAN,474
555,ENSG00000121989,ACVR2A,ACVR2A,AVR2A_HUMAN,475
556,ENSG00000197635,DPP4,DPP4,DPP4_HUMAN,476
557,ENSG00000130283,GDF1,GDF1,GDF1_HUMAN,477
558,ENSG00000144810,COL8A1,COL8A1,CO8A1_HUMAN,478
559,ENSG00000115590,IL1R2,IL1R2,IL1R2_HUMAN,479
560,ENSG00000179546,HTR1D,HTR1D,5HT1D_HUMAN,480
561,ENSG00000135312,HTR1B,HTR1B,5HT1B_HUMAN,481
562,ENSG00000102468,HTR2A,HTR2A,5HT2A_HUMAN,482
563,ENSG00000070748,CHAT,CHAT,CLAT_HUMAN,1110
564,ENSG00000147246,HTR2C,HTR2C,5HT2C_HUMAN,483
565,ENSG00000135577,NMBR,NMBR,NMBR_HUMAN,484
566,ENSG00000168830,HTR1E,HTR1E,5HT1E_HUMAN,485
567,ENSG00000204231,RXRB,RXRB,RXRB_HUMAN,1149
568,ENSG00000231321,RXRB,RXRB,RXRB_HUMAN,1149
569,ENSG00000235712,RXRB,RXRB,RXRB_HUMAN,1149
570,ENSG00000228333,RXRB,RXRB,RXRB_HUMAN,1149
571,ENSG00000206289,RXRB,RXRB,RXRB_HUMAN,1149
572,ENSG00000227322,RXRB,RXRB,RXRB_HUMAN,1149
573,ENSG00000174059,CD34,CD34,CD34_HUMAN,486
574,ENSG00000004468,CD38,CD38,CD38_HUMAN,487
575,ENSG00000120949,TNFRSF8,TNFRSF8,TNR8_HUMAN,488
576,ENSG00000128271,ADORA2A,ADORA2A,AA2AR_HUMAN,489
577,ENSG00000170425,ADORA2B,ADORA2B,AA2BR_HUMAN,490
578,ENSG00000142627,EPHA2,EPHA2,EPHA2_HUMAN,491
579,ENSG00000044524,EPHA3,EPHA3,EPHA3_HUMAN,492
580,ENSG00000070886,EPHA8,EPHA8,EPHA8_HUMAN,493
581,ENSG00000133216,EPHB2,EPHB2,EPHB2_HUMAN,494
582,ENSG00000169836,TACR3,TACR3,NK3R_HUMAN,495
583,ENSG00000143320,CRABP2,CRABP2,RABP2_HUMAN,1097
584,ENSG00000188153,COL4A5,COL4A5,CO4A5_HUMAN,496
585,ENSG00000168811,IL12A,IL12A,IL12A_HUMAN,497
586,ENSG00000113302,IL12B,IL12B,IL12B_HUMAN,498
587,ENSG00000102245,CD40LG,CD40LG,CD40L_HUMAN,499
588,ENSG00000013725,CD6,CD6,CD6_HUMAN,500
589,ENSG00000168398,BDKRB2,BDKRB2,BKRB2_HUMAN,501
590,ENSG00000206509,HLA-F,HLA-F,HLAF_HUMAN,502
591,ENSG00000137403,HLA-F,HLA-F,HLAF_HUMAN,502
592,ENSG00000235220,HLA-F,HLA-F,HLAF_HUMAN,502
593,ENSG00000237508,HLA-F,HLA-F,HLAF_HUMAN,502
594,ENSG00000229698,HLA-F,HLA-F,HLAF_HUMAN,502
1762,ENSG00000204642,HLA-F,HLA-F,HLAF_HUMAN,502
595,ENSG00000126895,AVPR2,AVPR2,V2R_HUMAN,503
596,ENSG00000167601,AXL,AXL,UFO_HUMAN,504
597,ENSG00000169684,CHRNA5,CHRNA5,ACHA5_HUMAN,505
598,ENSG00000163956,LRPAP1,LRPAP1,AMRP_HUMAN,10
599,ENSG00000163485,ADORA1,ADORA1,AA1R_HUMAN,506
600,ENSG00000126010,GRPR,GRPR,GRPR_HUMAN,507
601,ENSG00000144891,AGTR1,AGTR1,AGTR1_HUMAN,508
602,ENSG00000180914,OXTR,OXTR,OXYR_HUMAN,509
603,ENSG00000139874,SSTR1,SSTR1,SSR1_HUMAN,510
604,ENSG00000180616,SSTR2,SSTR2,SSR2_HUMAN,511
605,ENSG00000117971,CHRNB4,CHRNB4,ACHB4_HUMAN,512
606,ENSG00000179097,HTR1F,HTR1F,5HT1F_HUMAN,513
607,ENSG00000109163,GNRHR,GNRHR,GNRHR_HUMAN,514
608,ENSG00000004948,CALCR,CALCR,CALCR_HUMAN,515
609,ENSG00000133636,NTS,NTS,NEUT_HUMAN,516
610,ENSG00000169442,CD52,CD52,CD52_HUMAN,517
611,ENSG00000102678,FGF9,FGF9,FGF9_HUMAN,518
612,ENSG00000132671,SSTR4,SSTR4,SSR4_HUMAN,519
613,ENSG00000147168,IL2RG,IL2RG,IL2RG_HUMAN,520
614,ENSG00000124469,CEACAM8,CEACAM8,CEAM8_HUMAN,521
615,ENSG00000198910,L1CAM,L1CAM,L1CAM_HUMAN,522
616,ENSG00000163394,CCKAR,CCKAR,CCKAR_HUMAN,523
617,ENSG00000110148,CCKBR,CCKBR,GASR_HUMAN,524
618,ENSG00000114812,VIPR1,VIPR1,VIPR1_HUMAN,525
619,ENSG00000166603,MC4R,MC4R,MC4R_HUMAN,526
620,ENSG00000163823,CCR1,CCR1,CCR1_HUMAN,527
621,ENSG00000126353,CCR7,CCR7,CCR7_HUMAN,528
622,ENSG00000080644,CHRNA3,CHRNA3,ACHA3_HUMAN,529
623,ENSG00000160683,CXCR5,CXCR5,CXCR5_HUMAN,530
624,ENSG00000278195,SSTR3,SSTR3,SSR3_HUMAN,531
625,ENSG00000120242,IFNA8,IFNA8,IFNA8_HUMAN,532
626,ENSG00000100368,CSF2RB,CSF2RB,IL3RB_HUMAN,533
627,ENSG00000076662,ICAM3,ICAM3,ICAM3_HUMAN,534
628,ENSG00000125726,CD70,CD70,CD70_HUMAN,535
629,ENSG00000106952,TNFSF8,TNFSF8,TNFL8_HUMAN,536
630,ENSG00000176136,MC5R,MC5R,MC5R_HUMAN,537
631,ENSG00000179776,CDH5,CDH5,CADH5_HUMAN,538
632,ENSG00000121594,CD80,CD80,CD80_HUMAN,539
633,ENSG00000225950,NTF4,NTF4,NTF4_HUMAN,540
634,ENSG00000163785,RYK,RYK,RYK_HUMAN,541
635,ENSG00000148680,HTR7,HTR7,5HT7R_HUMAN,542
636,ENSG00000188822,CNR2,CNR2,CNR2_HUMAN,543
637,ENSG00000174417,TRHR,TRHR,TRFR_HUMAN,544
638,ENSG00000160951,PTGER1,PTGER1,PE2R1_HUMAN,545
639,ENSG00000120088,CRHR1,CRHR1,CRFR1_HUMAN,546
640,ENSG00000276191,CRHR1,CRHR1,CRFR1_HUMAN,546
641,ENSG00000174808,BTC,BTC,BTC_HUMAN,547
642,ENSG00000169194,IL13,IL13,IL13_HUMAN,548
643,ENSG00000148926,ADM,ADM,ADML_HUMAN,549
644,ENSG00000162009,SSTR5,SSTR5,SSR5_HUMAN,550
645,ENSG00000120907,ADRA1A,ADRA1A,ADA1A_HUMAN,551
646,ENSG00000196639,HRH1,HRH1,HRH1_HUMAN,552
647,ENSG00000170214,ADRA1B,ADRA1B,ADA1B_HUMAN,553
648,ENSG00000112038,OPRM1,OPRM1,OPRM_HUMAN,554
649,ENSG00000069667,RORA,RORA,RORA_HUMAN,15
650,ENSG00000171522,PTGER4,PTGER4,PE2R4_HUMAN,555
651,ENSG00000134817,APLNR,APLNR,APJ_HUMAN,556
652,ENSG00000186340,THBS2,THBS2,TSP2_HUMAN,19
653,ENSG00000151577,DRD3,DRD3,DRD3_HUMAN,557
654,ENSG00000166147,FBN1,FBN1,FBN1_HUMAN,558
655,ENSG00000172270,BSG,BSG,BASI_HUMAN,559
656,ENSG00000037280,FLT4,FLT4,VGFR3_HUMAN,560
657,ENSG00000128052,KDR,KDR,VGFR2_HUMAN,561
658,ENSG00000099998,GGT5,GGT5,GGT5_HUMAN,1099
659,ENSG00000175344,CHRNA7,CHRNA7,ACHA7_HUMAN,562
660,ENSG00000122025,FLT3,FLT3,FLT3_HUMAN,563
661,ENSG00000107779,BMPR1A,BMPR1A,BMR1A_HUMAN,564
662,ENSG00000135503,ACVR1B,ACVR1B,ACV1B_HUMAN,565
663,ENSG00000106799,TGFBR1,TGFBR1,TGFR1_HUMAN,566
664,ENSG00000111321,LTBR,LTBR,TNR3_HUMAN,567
665,ENSG00000139567,ACVRL1,ACVRL1,ACVL1_HUMAN,568
666,ENSG00000130948,HSD17B3,HSD17B3,DHB3_HUMAN,1170
667,ENSG00000163513,TGFBR2,TGFBR2,TGFR2_HUMAN,569
668,ENSG00000132170,PPARG,PPARG,PPARG_HUMAN,22
669,ENSG00000166148,AVPR1A,AVPR1A,V1AR_HUMAN,570
670,ENSG00000159128,IFNGR2,IFNGR2,INGR2_HUMAN,571
671,ENSG00000262795,IFNGR2,IFNGR2,INGR2_HUMAN,571
672,ENSG00000083457,ITGAE,ITGAE,ITAE_HUMAN,572
673,ENSG00000107798,LIPA,LIPA,LICH_HUMAN,1143
674,ENSG00000204291,COL15A1,COL15A1,COFA1_HUMAN,573
675,ENSG00000182871,COL18A1,COL18A1,COIA1_HUMAN,574
676,ENSG00000168621,GDNF,GDNF,GDNF_HUMAN,575
677,ENSG00000134352,IL6ST,IL6ST,IL6RB_HUMAN,576
678,ENSG00000086548,CEACAM6,CEACAM6,CEAM6_HUMAN,577
679,ENSG00000153283,CD96,CD96,TACT_HUMAN,578
680,ENSG00000090534,THPO,THPO,TPO_HUMAN,579
681,ENSG00000117400,MPL,MPL,TPOR_HUMAN,580
682,ENSG00000164136,IL15,IL15,IL15_HUMAN,581
683,ENSG00000116329,OPRD1,OPRD1,OPRD_HUMAN,582
684,ENSG00000082556,OPRK1,OPRK1,OPRK_HUMAN,583
685,ENSG00000125510,OPRL1,OPRL1,OPRX_HUMAN,584
686,ENSG00000174697,LEP,LEP,LEP_HUMAN,585
687,ENSG00000091972,CD200,CD200,OX2G_HUMAN,586
688,ENSG00000114251,WNT5A,WNT5A,WNT5A_HUMAN,587
689,ENSG00000125657,TNFSF9,TNFSF9,TNFL9_HUMAN,588
690,ENSG00000106018,VIPR2,VIPR2,VIPR2_HUMAN,589
691,ENSG00000135914,HTR2B,HTR2B,5HT2B_HUMAN,590
692,ENSG00000121807,CCR2,CCR2,CCR2_HUMAN,591
693,ENSG00000124089,MC3R,MC3R,MC3R_HUMAN,592
694,ENSG00000114013,CD86,CD86,CD86_HUMAN,593
695,ENSG00000101440,ASIP,ASIP,ASIP_HUMAN,594
696,ENSG00000196139,AKR1C3,AKR1C3,AK1C3_HUMAN,1111
697,ENSG00000096996,IL12RB1,IL12RB1,I12R1_HUMAN,595
698,ENSG00000113594,LIFR,LIFR,LIFR_HUMAN,596
699,ENSG00000163735,CXCL5,CXCL5,CXCL5_HUMAN,597
700,ENSG00000125965,GDF5,GDF5,GDF5_HUMAN,598
701,ENSG00000122420,PTGFR,PTGFR,PF2R_HUMAN,599
702,ENSG00000050628,PTGER3,PTGER3,PE2R3_HUMAN,600
703,ENSG00000125384,PTGER2,PTGER2,PE2R2_HUMAN,601
704,ENSG00000160013,PTGIR,PTGIR,PI2R_HUMAN,602
705,ENSG00000187323,DCC,DCC,DCC_HUMAN,603
706,ENSG00000112164,GLP1R,GLP1R,GLP1R_HUMAN,604
707,ENSG00000186827,TNFRSF4,TNFRSF4,TNR4_HUMAN,605
708,ENSG00000276625,KIR2DL1,KIR2DL1,KI2L1_HUMAN,606
709,ENSG00000273794,KIR2DL1,KIR2DL1,KI2L1_HUMAN,606
710,ENSG00000278738,KIR2DL1,KIR2DL1,KI2L1_HUMAN,606
711,ENSG00000125498,KIR2DL1,KIR2DL1,KI2L1_HUMAN,606
712,ENSG00000278495,KIR2DL1,KIR2DL1,KI2L1_HUMAN,606
713,ENSG00000278821,KIR2DL1,KIR2DL1,KI2L1_HUMAN,606
714,ENSG00000277833,KIR2DL1,KIR2DL1,KI2L1_HUMAN,606
715,ENSG00000284510,KIR2DL3,KIR2DL3,KI2L3_HUMAN,607
716,ENSG00000274830,KIR2DL3,KIR2DL3,KI2L3_HUMAN,607
717,ENSG00000278327,KIR2DL3,KIR2DL3,KI2L3_HUMAN,607
718,ENSG00000283702,KIR2DL3,KIR2DL3,KI2L3_HUMAN,607
719,ENSG00000284333,KIR2DL3,KIR2DL3,KI2L3_HUMAN,607
720,ENSG00000283708,KIR2DL3,KIR2DL3,KI2L3_HUMAN,607
721,ENSG00000277924,KIR2DL3,KIR2DL3,KI2L3_HUMAN,607
722,ENSG00000283790,KIR2DL3,KIR2DL3,KI2L3_HUMAN,607
723,ENSG00000276459,KIR2DL3,KIR2DL3,KI2L3_HUMAN,607
724,ENSG00000274108,KIR2DL3,KIR2DL3,KI2L3_HUMAN,607
725,ENSG00000274402,KIR2DL3,KIR2DL3,KI2L3_HUMAN,607
726,ENSG00000276218,KIR2DL3,KIR2DL3,KI2L3_HUMAN,607
727,ENSG00000276590,KIR2DL3,KIR2DL3,KI2L3_HUMAN,607
728,ENSG00000274952,KIR2DL3,KIR2DL3,KI2L3_HUMAN,607
729,ENSG00000277317,KIR2DL3,KIR2DL3,KI2L3_HUMAN,607
730,ENSG00000274410,KIR2DL3,KIR2DL3,KI2L3_HUMAN,607
731,ENSG00000277484,KIR2DL3,KIR2DL3,KI2L3_HUMAN,607
732,ENSG00000277554,KIR2DL3,KIR2DL3,KI2L3_HUMAN,607
733,ENSG00000275623,KIR2DL3,KIR2DL3,KI2L3_HUMAN,607
734,ENSG00000275008,KIR2DL3,KIR2DL3,KI2L3_HUMAN,607
735,ENSG00000243772,KIR2DL3,KIR2DL3,KI2L3_HUMAN,607
736,ENSG00000284504,KIR2DL3,KIR2DL3,KI2L3_HUMAN,607
737,ENSG00000273887,KIR2DL3,KIR2DL3,KI2L3_HUMAN,607
738,ENSG00000275658,KIR2DL3,KIR2DL3,KI2L3_HUMAN,607
739,ENSG00000275288,KIR3DL1,KIR3DL1,KI3L1_HUMAN,608
740,ENSG00000284426,KIR3DL1,KIR3DL1,KI3L1_HUMAN,608
741,ENSG00000276423,KIR3DL1,KIR3DL1,KI3L1_HUMAN,608
742,ENSG00000274036,KIR3DL1,KIR3DL1,KI3L1_HUMAN,608
743,ENSG00000284342,KIR3DL1,KIR3DL1,KI3L1_HUMAN,608
744,ENSG00000167633,KIR3DL1,KIR3DL1,KI3L1_HUMAN,608
745,ENSG00000283951,KIR3DL2,KIR3DL2,KI3L2_HUMAN,609
746,ENSG00000278809,KIR3DL2,KIR3DL2,KI3L2_HUMAN,609
747,ENSG00000284063,KIR3DL2,KIR3DL2,KI3L2_HUMAN,609
748,ENSG00000283975,KIR3DL2,KIR3DL2,KI3L2_HUMAN,609
749,ENSG00000277181,KIR3DL2,KIR3DL2,KI3L2_HUMAN,609
750,ENSG00000284381,KIR3DL2,KIR3DL2,KI3L2_HUMAN,609
751,ENSG00000276357,KIR3DL2,KIR3DL2,KI3L2_HUMAN,609
752,ENSG00000274722,KIR3DL2,KIR3DL2,KI3L2_HUMAN,609
753,ENSG00000275416,KIR3DL2,KIR3DL2,KI3L2_HUMAN,609
754,ENSG00000278474,KIR3DL2,KIR3DL2,KI3L2_HUMAN,609
755,ENSG00000275626,KIR3DL2,KIR3DL2,KI3L2_HUMAN,609
756,ENSG00000276004,KIR3DL2,KIR3DL2,KI3L2_HUMAN,609
757,ENSG00000278442,KIR3DL2,KIR3DL2,KI3L2_HUMAN,609
758,ENSG00000278361,KIR3DL2,KIR3DL2,KI3L2_HUMAN,609
759,ENSG00000240403,KIR3DL2,KIR3DL2,KI3L2_HUMAN,609
760,ENSG00000276739,KIR3DL2,KIR3DL2,KI3L2_HUMAN,609
761,ENSG00000275566,KIR3DL2,KIR3DL2,KI3L2_HUMAN,609
762,ENSG00000275083,KIR3DL2,KIR3DL2,KI3L2_HUMAN,609
763,ENSG00000101204,CHRNA4,CHRNA4,ACHA4_HUMAN,610
764,ENSG00000183671,GPR1,GPR1,GPR1_HUMAN,611
765,ENSG00000283448,GPR1,GPR1,GPR1_HUMAN,611
766,ENSG00000184451,CCR10,CCR10,CCR10_HUMAN,612
767,ENSG00000173578,XCR1,XCR1,XCR1_HUMAN,613
768,ENSG00000166736,HTR3A,HTR3A,5HT3A_HUMAN,614
769,ENSG00000229524,BAG6,BAG6,BAG6_HUMAN,615
770,ENSG00000204463,BAG6,BAG6,BAG6_HUMAN,615
771,ENSG00000234651,BAG6,BAG6,BAG6_HUMAN,615
772,ENSG00000233348,BAG6,BAG6,BAG6_HUMAN,615
773,ENSG00000228760,BAG6,BAG6,BAG6_HUMAN,615
774,ENSG00000096155,BAG6,BAG6,BAG6_HUMAN,615
775,ENSG00000227761,BAG6,BAG6,BAG6_HUMAN,615
776,ENSG00000148400,NOTCH1,NOTCH1,NOTC1_HUMAN,616
777,ENSG00000196433,ASMT,ASMT,ASMT_HUMAN,1136
778,ENSG00000100739,BDKRB1,BDKRB1,BKRB1_HUMAN,617
779,ENSG00000166573,GALR1,GALR1,GALR1_HUMAN,618
780,ENSG00000215644,GCGR,GCGR,GLR_HUMAN,619
781,ENSG00000080293,SCTR,SCTR,SCTR_HUMAN,620
782,ENSG00000184254,ALDH1A3,ALDH1A3,AL1A3_HUMAN,1122
783,ENSG00000157219,HTR5A,HTR5A,5HT5A_HUMAN,621
784,ENSG00000198049,AVPR1B,AVPR1B,V1BR_HUMAN,622
785,ENSG00000143184,XCL1,XCL1,XCL1_HUMAN,623
786,ENSG00000117560,FASLG,FASLG,TNFL6_HUMAN,624
787,ENSG00000168412,MTNR1A,MTNR1A,MTR1A_HUMAN,625
788,ENSG00000107562,CXCL12,CXCL12,SDF1_HUMAN,626
789,ENSG00000183729,NPBWR1,NPBWR1,NPBW1_HUMAN,627
790,ENSG00000277339,NPBWR2,NPBWR2,NPBW2_HUMAN,628
791,ENSG00000125522,NPBWR2,NPBWR2,NPBW2_HUMAN,628
792,ENSG00000116678,LEPR,LEPR,LEPR_HUMAN,629
793,ENSG00000143171,RXRG,RXRG,RXRG_HUMAN,1161
794,ENSG00000010310,GIPR,GIPR,GIPR_HUMAN,630
795,ENSG00000159110,IFNAR2,IFNAR2,INAR2_HUMAN,631
796,ENSG00000109255,NMU,NMU,NMU_HUMAN,632
797,ENSG00000123146,ADGRE5,ADGRE5,CD97_HUMAN,633
798,ENSG00000144407,PTH2R,PTH2R,PTH2R_HUMAN,634
799,ENSG00000168329,CX3CR1,CX3CR1,CX3C1_HUMAN,635
800,ENSG00000134640,MTNR1B,MTNR1B,MTR1B_HUMAN,636
801,ENSG00000186810,CXCR3,CXCR3,CXCR3_HUMAN,637
802,ENSG00000119973,PRLHR,PRLHR,PRLHR_HUMAN,638
803,ENSG00000154165,GPR15,GPR15,GPR15_HUMAN,639
804,ENSG00000119630,PGF,PGF,PLGF_HUMAN,640
805,ENSG00000173511,VEGFB,VEGFB,VEGFB_HUMAN,641
806,ENSG00000150630,VEGFC,VEGFC,VEGFC_HUMAN,642
807,ENSG00000090554,FLT3LG,FLT3LG,FLT3L_HUMAN,643
808,ENSG00000138185,ENTPD1,ENTPD1,ENTP1_HUMAN,644
809,ENSG00000180772,AGTR2,AGTR2,AGTR2_HUMAN,645
810,ENSG00000158748,HTR6,HTR6,5HT6R_HUMAN,646
811,ENSG00000121858,TNFSF10,TNFSF10,TNF10_HUMAN,647
812,ENSG00000143365,RORC,RORC,RORG_HUMAN,17
813,ENSG00000248099,INSL3,INSL3,INSL3_HUMAN,648
814,ENSG00000147257,GPC3,GPC3,GPC3_HUMAN,649
815,ENSG00000172156,CCL11,CCL11,CCL11_HUMAN,650
816,ENSG00000183625,CCR3,CCR3,CCR3_HUMAN,651
817,ENSG00000183813,CCR4,CCR4,CCR4_HUMAN,652
818,ENSG00000160791,CCR5,CCR5,CCR5_HUMAN,653
819,ENSG00000112486,CCR6,CCR6,CCR6_HUMAN,654
820,ENSG00000179934,CCR8,CCR8,CCR8_HUMAN,655
821,ENSG00000173585,CCR9,CCR9,CCR9_HUMAN,656
822,ENSG00000130827,PLXNA3,PLXNA3,PLXA3_HUMAN,657
823,ENSG00000101850,GPR143,GPR143,GP143_HUMAN,658
824,ENSG00000122787,AKR1D1,AKR1D1,AK1D1_HUMAN,1123
825,ENSG00000143590,EFNA3,EFNA3,EFNA3_HUMAN,659
826,ENSG00000243364,EFNA4,EFNA4,EFNA4_HUMAN,660
827,ENSG00000125266,EFNB2,EFNB2,EFNB2_HUMAN,661
828,ENSG00000184349,EFNA5,EFNA5,EFNA5_HUMAN,662
829,ENSG00000081052,COL4A4,COL4A4,CO4A4_HUMAN,663
830,ENSG00000077943,ITGA8,ITGA8,ITA8_HUMAN,664
831,ENSG00000281917,SLC16A1,SLC16A1,MOT1_HUMAN,665
832,ENSG00000155380,SLC16A1,SLC16A1,MOT1_HUMAN,665
833,ENSG00000182580,EPHB3,EPHB3,EPHB3_HUMAN,666
834,ENSG00000145242,EPHA5,EPHA5,EPHA5_HUMAN,667
835,ENSG00000196411,EPHB4,EPHB4,EPHB4_HUMAN,668
836,ENSG00000154928,EPHB1,EPHB1,EPHB1_HUMAN,669
837,ENSG00000116106,EPHA4,EPHA4,EPHA4_HUMAN,670
838,ENSG00000180447,GAS1,GAS1,GAS1_HUMAN,671
839,ENSG00000131408,NR1H2,NR1H2,NR1H2_HUMAN,14
840,ENSG00000197406,DIO3,DIO3,IOD3_HUMAN,672
841,ENSG00000107831,FGF8,FGF8,FGF8_HUMAN,673
842,ENSG00000163794,UCN,UCN,UCN1_HUMAN,674
843,ENSG00000175189,INHBC,INHBC,INHBC_HUMAN,675
844,ENSG00000266524,GDF10,GDF10,GDF10_HUMAN,676
845,ENSG00000113361,CDH6,CDH6,CADH6_HUMAN,677
846,ENSG00000274736,CCL23,CCL23,CCL23_HUMAN,678
847,ENSG00000276114,CCL23,CCL23,CCL23_HUMAN,678
848,ENSG00000275385,CCL18,CCL18,CCL18_HUMAN,679
849,ENSG00000278006,CCL18,CCL18,CCL18_HUMAN,679
850,ENSG00000278167,CCL18,CCL18,CCL18_HUMAN,679
851,ENSG00000104870,FCGRT,FCGRT,FCGRN_HUMAN,680
852,ENSG00000151892,GFRA1,GFRA1,GFRA1_HUMAN,681
853,ENSG00000213949,ITGA1,ITGA1,ITA1_HUMAN,682
854,ENSG00000277641,WNT3,WNT3,WNT3_HUMAN,683
855,ENSG00000108379,WNT3,WNT3,WNT3_HUMAN,683
856,ENSG00000154342,WNT3A,WNT3A,WNT3A_HUMAN,684
857,ENSG00000162552,WNT4,WNT4,WNT4_HUMAN,685
858,ENSG00000188064,WNT7B,WNT7B,WNT7B_HUMAN,686
859,ENSG00000185737,NRG3,NRG3,NRG3_HUMAN,687
860,ENSG00000154721,JAM2,JAM2,JAM2_HUMAN,688
861,ENSG00000139269,INHBE,INHBE,INHBE_HUMAN,689
862,ENSG00000143125,PROK1,PROK1,PROK1_HUMAN,690
863,ENSG00000277092,LILRA4,LILRA4,LIRA4_HUMAN,691
864,ENSG00000274185,LILRA4,LILRA4,LIRA4_HUMAN,691
865,ENSG00000239961,LILRA4,LILRA4,LIRA4_HUMAN,691
866,ENSG00000276798,LILRA4,LILRA4,LIRA4_HUMAN,691
867,ENSG00000109471,IL2,IL2,IL2_HUMAN,692
868,ENSG00000121966,CXCR4,CXCR4,CXCR4_HUMAN,693
869,ENSG00000157005,SST,SST,SMS_HUMAN,694
870,ENSG00000166710,B2M,B2M,B2MG_HUMAN,695
871,ENSG00000273686,B2M,B2M,B2MG_HUMAN,695
872,ENSG00000092969,TGFB2,TGFB2,TGFB2_HUMAN,696
873,ENSG00000196262,PPIA,PPIA,PPIA_HUMAN,697
874,ENSG00000198053,SIRPA,SIRPA,SHPS1_HUMAN,698
875,ENSG00000006210,CX3CL1,CX3CL1,X3CL1_HUMAN,699
876,ENSG00000101384,JAG1,JAG1,JAG1_HUMAN,700
877,ENSG00000189056,RELN,RELN,RELN_HUMAN,701
878,ENSG00000131724,IL13RA1,IL13RA1,I13R1_HUMAN,702
879,ENSG00000115009,CCL20,CCL20,CCL20_HUMAN,703
880,ENSG00000108700,CCL8,CCL8,CCL8_HUMAN,704
881,ENSG00000108688,CCL7,CCL7,CCL7_HUMAN,705
882,ENSG00000124875,CXCL6,CXCL6,CXCL6_HUMAN,706
883,ENSG00000148346,LCN2,LCN2,NGAL_HUMAN,707
884,ENSG00000185559,DLK1,DLK1,DLK1_HUMAN,708
885,ENSG00000071677,PRLH,PRLH,PRRP_HUMAN,709
886,ENSG00000147852,VLDLR,VLDLR,VLDLR_HUMAN,710
887,ENSG00000090776,EFNB1,EFNB1,EFNB1_HUMAN,711
888,ENSG00000124479,NDP,NDP,NDP_HUMAN,712
889,ENSG00000124334,IL9R,IL9R,IL9R_HUMAN,713
890,ENSG00000091181,IL5RA,IL5RA,IL5RA_HUMAN,714
891,ENSG00000115602,IL1RL1,IL1RL1,ILRL1_HUMAN,715
892,ENSG00000185231,MC2R,MC2R,ACTHR_HUMAN,716
893,ENSG00000258839,MC1R,MC1R,MSHR_HUMAN,717
894,ENSG00000169031,COL4A3,COL4A3,CO4A3_HUMAN,718
895,ENSG00000185483,ROR1,ROR1,ROR1_HUMAN,719
896,ENSG00000169071,ROR2,ROR2,ROR2_HUMAN,720
897,ENSG00000048462,TNFRSF17,TNFRSF17,TNR17_HUMAN,721
898,ENSG00000157168,NRG1,NRG1,NRG1_HUMAN,722
899,ENSG00000114270,COL7A1,COL7A1,CO7A1_HUMAN,723
900,ENSG00000134760,DSG1,DSG1,DSG1_HUMAN,724
901,ENSG00000134755,DSC2,DSC2,DSC2_HUMAN,725
902,ENSG00000106128,GHRHR,GHRHR,GHRHR_HUMAN,726
903,ENSG00000120156,TEK,TEK,TIE2_HUMAN,727
904,ENSG00000069702,TGFBR3,TGFBR3,TGBR3_HUMAN,728
905,ENSG00000112033,PPARD,PPARD,PPARD_HUMAN,26
906,ENSG00000011422,PLAUR,PLAUR,UPAR_HUMAN,729
907,ENSG00000160801,PTH1R,PTH1R,PTH1R_HUMAN,730
908,ENSG00000123500,COL10A1,COL10A1,COAA1_HUMAN,731
909,ENSG00000134250,NOTCH2,NOTCH2,NOTC2_HUMAN,732
910,ENSG00000115170,ACVR1,ACVR1,ACVR1_HUMAN,733
911,ENSG00000164078,MST1R,MST1R,RON_HUMAN,734
912,ENSG00000187955,COL14A1,COL14A1,COEA1_HUMAN,735
913,ENSG00000147432,CHRNB3,CHRNB3,ACHB3_HUMAN,736
914,ENSG00000092445,TYRO3,TYRO3,TYRO3_HUMAN,737
915,ENSG00000238114,LTB,LTB,TNFC_HUMAN,738
916,ENSG00000223448,LTB,LTB,TNFC_HUMAN,738
917,ENSG00000204487,LTB,LTB,TNFC_HUMAN,738
918,ENSG00000206437,LTB,LTB,TNFC_HUMAN,738
919,ENSG00000236925,LTB,LTB,TNFC_HUMAN,738
920,ENSG00000236237,LTB,LTB,TNFC_HUMAN,738
921,ENSG00000227507,LTB,LTB,TNFC_HUMAN,738
922,ENSG00000231314,LTB,LTB,TNFC_HUMAN,738
923,ENSG00000049249,TNFRSF9,TNFRSF9,TNR9_HUMAN,739
924,ENSG00000084636,COL16A1,COL16A1,COGA1_HUMAN,740
925,ENSG00000138755,CXCL9,CXCL9,CXCL9_HUMAN,741
926,ENSG00000205810,KLRC3,KLRC3,NKG2E_HUMAN,742
927,ENSG00000186951,PPARA,PPARA,PPARA_HUMAN,31
928,ENSG00000243646,IL10RB,IL10RB,I10R2_HUMAN,743
929,ENSG00000134765,DSC1,DSC1,DSC1_HUMAN,744
930,ENSG00000196776,CD47,CD47,CD47_HUMAN,745
931,ENSG00000104760,FGL1,FGL1,FGL1_HUMAN,746
932,ENSG00000184730,APOBR,APOBR,APOBR_HUMAN,747
933,ENSG00000130303,BST2,BST2,BST2_HUMAN,748
934,ENSG00000018236,CNTN1,CNTN1,CNTN1_HUMAN,749
935,ENSG00000153208,MERTK,MERTK,MERTK_HUMAN,750
936,ENSG00000111796,KLRB1,KLRB1,KLRB1_HUMAN,751
937,ENSG00000162892,IL24,IL24,IL24_HUMAN,752
938,ENSG00000025434,NR1H3,NR1H3,NR1H3_HUMAN,3
939,ENSG00000134539,KLRD1,KLRD1,KLRD1_HUMAN,753
940,ENSG00000168229,PTGDR,PTGDR,PD2R_HUMAN,754
941,ENSG00000134470,IL15RA,IL15RA,I15RA_HUMAN,755
942,ENSG00000001617,SEMA3F,SEMA3F,SEM3F_HUMAN,756
943,ENSG00000144230,GPR17,GPR17,GPR17_HUMAN,757
944,ENSG00000106113,CRHR2,CRHR2,CRFR2_HUMAN,758
945,ENSG00000105426,PTPRS,PTPRS,PTPRS_HUMAN,759
946,ENSG00000156886,ITGAD,ITGAD,ITAD_HUMAN,760
947,ENSG00000163251,FZD5,FZD5,FZD5_HUMAN,761
948,ENSG00000099866,MADCAM1,MADCAM1,MADCA_HUMAN,762
949,ENSG00000115604,IL18R1,IL18R1,IL18R_HUMAN,763
950,ENSG00000168081,PNOC,PNOC,PNOC_HUMAN,764
951,ENSG00000112902,SEMA5A,SEMA5A,SEM5A_HUMAN,765
952,ENSG00000185920,PTCH1,PTCH1,PTC1_HUMAN,1148
953,ENSG00000164270,HTR4,HTR4,5HT4R_HUMAN,766
954,ENSG00000110324,IL10RA,IL10RA,I10R1_HUMAN,767
955,ENSG00000135424,ITGA7,ITGA7,ITA7_HUMAN,768
956,ENSG00000114739,ACVR2B,ACVR2B,AVR2B_HUMAN,769
957,ENSG00000170017,ALCAM,ALCAM,CD166_HUMAN,770
958,ENSG00000144668,ITGA9,ITGA9,ITA9_HUMAN,771
959,ENSG00000204217,BMPR2,BMPR2,BMPR2_HUMAN,772
960,ENSG00000197565,COL4A6,COL4A6,CO4A6_HUMAN,773
961,ENSG00000092758,COL9A3,COL9A3,CO9A3_HUMAN,774
962,ENSG00000049089,COL9A2,COL9A2,CO9A2_HUMAN,775
963,ENSG00000157193,LRP8,LRP8,LRP8_HUMAN,776
964,ENSG00000150782,IL18,IL18,IL18_HUMAN,777
965,ENSG00000046604,DSG2,DSG2,DSG2_HUMAN,778
966,ENSG00000105246,EBI3,EBI3,IL27B_HUMAN,779
967,ENSG00000110876,SELPLG,SELPLG,SELPL_HUMAN,780
968,ENSG00000180340,FZD2,FZD2,FZD2_HUMAN,781
969,ENSG00000183087,GAS6,GAS6,GAS6_HUMAN,782
970,ENSG00000075213,SEMA3A,SEMA3A,SEM3A_HUMAN,783
971,ENSG00000134762,DSC3,DSC3,DSC3_HUMAN,784
972,ENSG00000163501,IHH,IHH,IHH_HUMAN,785
973,ENSG00000137070,IL11RA,IL11RA,I11RA_HUMAN,786
974,ENSG00000123496,IL13RA2,IL13RA2,I13R2_HUMAN,787
975,ENSG00000105371,ICAM4,ICAM4,ICAM4_HUMAN,788
976,ENSG00000106853,PTGR1,PTGR1,PTGR1_HUMAN,1113
977,ENSG00000275434,KIR3DS1,KIR3DS1,KI3S1_HUMAN,789
978,ENSG00000082293,COL19A1,COL19A1,COJA1_HUMAN,790
979,ENSG00000276977,PDCD1,PDCD1,PDCD1_HUMAN,791
980,ENSG00000188389,PDCD1,PDCD1,PDCD1_HUMAN,791
981,ENSG00000110958,PTGES3,PTGES3,TEBP_HUMAN,1126
982,ENSG00000110400,NECTIN1,NECTIN1,PVRL1_HUMAN,792
983,ENSG00000178568,ERBB4,ERBB4,ERBB4_HUMAN,793
984,ENSG00000135333,EPHA7,EPHA7,EPHA7_HUMAN,794
985,ENSG00000154188,ANGPT1,ANGPT1,ANGP1_HUMAN,795
986,ENSG00000116133,DHCR24,DHCR24,DHC24_HUMAN,1088
987,ENSG00000164690,SHH,SHH,SHH_HUMAN,796
988,ENSG00000213903,LTB4R,LTB4R,LT4R1_HUMAN,797
989,ENSG00000285456,LTB4R,LTB4R,LT4R1_HUMAN,797
990,ENSG00000105281,SLC1A5,SLC1A5,AAAT_HUMAN,798
991,ENSG00000150637,CD226,CD226,CD226_HUMAN,799
992,ENSG00000108947,EFNB3,EFNB3,EFNB3_HUMAN,800
993,ENSG00000120903,CHRNA2,CHRNA2,ACHA2_HUMAN,801
994,ENSG00000147434,CHRNA6,CHRNA6,ACHA6_HUMAN,802
995,ENSG00000181092,ADIPOQ,ADIPOQ,ADIPO_HUMAN,803
996,ENSG00000140538,NTRK3,NTRK3,NTRK3_HUMAN,804
997,ENSG00000112115,IL17A,IL17A,IL17_HUMAN,805
998,ENSG00000213088,ACKR1,ACKR1,ACKR1_HUMAN,806
999,ENSG00000171860,C3AR1,C3AR1,C3AR_HUMAN,807
1000,ENSG00000064989,CALCRL,CALCRL,CALRL_HUMAN,808
1001,ENSG00000148053,NTRK2,NTRK2,NTRK2_HUMAN,809
1002,ENSG00000276409,CCL14,CCL14,CCL14_HUMAN,810
1003,ENSG00000277236,CCL14,CCL14,CCL14_HUMAN,810
1004,ENSG00000124212,PTGIS,PTGIS,PTGIS_HUMAN,1171
1005,ENSG00000275718,CCL15,CCL15,CCL15_HUMAN,811
1006,ENSG00000275528,CCL15,CCL15,CCL15_HUMAN,811
1007,ENSG00000135409,AMHR2,AMHR2,AMHR2_HUMAN,812
1008,ENSG00000053747,LAMA3,LAMA3,LAMA3_HUMAN,813
1009,ENSG00000283887,LTC4S,LTC4S,LTC4S_HUMAN,1104
1010,ENSG00000213316,LTC4S,LTC4S,LTC4S_HUMAN,1104
1011,ENSG00000171502,COL24A1,COL24A1,COOA1_HUMAN,814
1012,ENSG00000206449,MICB,MICB,MICB_HUMAN,815
1013,ENSG00000227772,MICB,MICB,MICB_HUMAN,815
1014,ENSG00000204516,MICB,MICB,MICB_HUMAN,815
1015,ENSG00000234218,MICB,MICB,MICB_HUMAN,815
1016,ENSG00000238289,MICB,MICB,MICB_HUMAN,815
1017,ENSG00000235233,MICA,MICA,MICA_HUMAN,816
1018,ENSG00000183214,MICA,MICA,MICA_HUMAN,816
1019,ENSG00000101282,RSPO4,RSPO4,RSPO4_HUMAN,817
1020,ENSG00000169218,RSPO1,RSPO1,RSPO1_HUMAN,818
1021,ENSG00000215018,COL28A1,COL28A1,COSA1_HUMAN,819
1022,ENSG00000010704,HFE,HFE,HFE_HUMAN,820
1023,ENSG00000181847,TIGIT,TIGIT,TIGIT_HUMAN,821
1024,ENSG00000064309,CDON,CDON,CDON_HUMAN,822
1025,ENSG00000149084,HSD17B12,HSD17B12,DHB12_HUMAN,1138
1026,ENSG00000112195,TREML2,TREML2,TRML2_HUMAN,823
1027,ENSG00000120057,SFRP5,SFRP5,SFRP5_HUMAN,824
1028,ENSG00000117407,ARTN,ARTN,ARTN_HUMAN,825
1029,ENSG00000197467,COL13A1,COL13A1,CODA1_HUMAN,826
1030,ENSG00000162594,IL23R,IL23R,IL23R_HUMAN,827
1031,ENSG00000155918,RAET1L,RAET1L,RET1L_HUMAN,828
1032,ENSG00000103855,CD276,CD276,CD276_HUMAN,829
1033,ENSG00000188211,NCR3LG1,NCR3LG1,NR3L1_HUMAN,830
1034,ENSG00000106483,SFRP4,SFRP4,SFRP4_HUMAN,831
1035,ENSG00000276163,LAIR1,LAIR1,LAIR1_HUMAN,832
1036,ENSG00000167613,LAIR1,LAIR1,LAIR1_HUMAN,832
1037,ENSG00000278154,LAIR1,LAIR1,LAIR1_HUMAN,832
1038,ENSG00000276053,LAIR1,LAIR1,LAIR1_HUMAN,832
1039,ENSG00000274110,LAIR1,LAIR1,LAIR1_HUMAN,832
1040,ENSG00000203722,RAET1G,RAET1G,RET1G_HUMAN,833
1041,ENSG00000185187,SIGIRR,SIGIRR,SIGIR_HUMAN,834
1042,ENSG00000156466,GDF6,GDF6,GDF6_HUMAN,835
1043,ENSG00000267673,FDX2,FDX2,FDX2_HUMAN,1133
1044,ENSG00000173546,CSPG4,CSPG4,CSPG4_HUMAN,836
1045,ENSG00000188393,CLEC2A,CLEC2A,CLC2A_HUMAN,837
1046,ENSG00000188293,IGFL1,IGFL1,IGFL1_HUMAN,838
1047,ENSG00000182585,EPGN,EPGN,EPGN_HUMAN,839
1048,ENSG00000104998,IL27RA,IL27RA,I27RA_HUMAN,840
1049,ENSG00000188373,C10orf99,C10orf99,GP15L_HUMAN,18
1050,ENSG00000204866,IGFL2,IGFL2,IGFL2_HUMAN,841
1051,ENSG00000188624,IGFL3,IGFL3,IGFL3_HUMAN,842
1052,ENSG00000174564,IL20RB,IL20RB,I20RB_HUMAN,843
1053,ENSG00000147655,RSPO2,RSPO2,RSPO2_HUMAN,844
1054,ENSG00000156687,UNC5D,UNC5D,UNC5D_HUMAN,845
1055,ENSG00000187258,NPSR1,NPSR1,NPSR1_HUMAN,846
1056,ENSG00000171243,SOSTDC1,SOSTDC1,SOSD1_HUMAN,847
1057,ENSG00000165802,NSMF,NSMF,NSMF_HUMAN,848
1058,ENSG00000197046,SIGLEC15,SIGLEC15,SIG15_HUMAN,849
1059,ENSG00000168079,SCARA5,SCARA5,SCAR5_HUMAN,850
1060,ENSG00000157368,IL34,IL34,IL34_HUMAN,851
1061,ENSG00000113763,UNC5A,UNC5A,UNC5A_HUMAN,852
1062,ENSG00000186090,HTR3D,HTR3D,5HT3D_HUMAN,853
1063,ENSG00000188958,UTS2B,UTS2B,UTS2B_HUMAN,854
1064,ENSG00000188782,CATSPER4,CATSPER4,CTSR4_HUMAN,855
1065,ENSG00000128165,ADM2,ADM2,ADM2_HUMAN,856
1066,ENSG00000143869,GDF7,GDF7,GDF7_HUMAN,857
1067,ENSG00000219438,TAFA5,TAFA5,TAFA5_HUMAN,5
1068,ENSG00000183662,TAFA1,TAFA1,TAFA1_HUMAN,29
1069,ENSG00000183682,BMP8A,BMP8A,BMP8A_HUMAN,858
1070,ENSG00000186265,BTLA,BTLA,BTLA_HUMAN,859
1071,ENSG00000285070,ADIPOR2,ADIPOR2,ADR2_HUMAN,860
1072,ENSG00000006831,ADIPOR2,ADIPOR2,ADR2_HUMAN,860
1073,ENSG00000184995,IFNE,IFNE,IFNE_HUMAN,861
1074,ENSG00000174898,CATSPERD,CATSPERD,CTSRD_HUMAN,862
1075,ENSG00000152705,CATSPER3,CATSPER3,CTSR3_HUMAN,863
1076,ENSG00000149932,TMEM219,TMEM219,TM219_HUMAN,864
1077,ENSG00000179600,GPHB5,GPHB5,GPHB5_HUMAN,865
1078,ENSG00000134962,KLB,KLB,KLOTB_HUMAN,866
1079,ENSG00000182393,IFNL1,IFNL1,IFNL1_HUMAN,867
1080,ENSG00000185436,IFNLR1,IFNLR1,INLR1_HUMAN,868
1081,ENSG00000210082,MT-RNR2,MT-RNR2,HUNIN_HUMAN,869
1082,ENSG00000196739,COL27A1,COL27A1,CORA1_HUMAN,870
1083,ENSG00000197110,IFNL3,IFNL3,IFNL3_HUMAN,871
1084,ENSG00000183709,IFNL2,IFNL2,IFNL2_HUMAN,872
1085,ENSG00000107731,UNC5B,UNC5B,UNC5B_HUMAN,873
1086,ENSG00000162706,CADM3,CADM3,CADM3_HUMAN,874
1087,ENSG00000274513,LILRB2,LILRB2,LIRB2_HUMAN,875
1088,ENSG00000131042,LILRB2,LILRB2,LIRB2_HUMAN,875
1089,ENSG00000276146,LILRB2,LILRB2,LIRB2_HUMAN,875
1090,ENSG00000275463,LILRB2,LILRB2,LIRB2_HUMAN,875
1091,ENSG00000104332,SFRP1,SFRP1,SFRP1_HUMAN,876
1092,ENSG00000142677,IL22RA1,IL22RA1,I22R1_HUMAN,877
1093,ENSG00000204936,CD177,CD177,CD177_HUMAN,878
1094,ENSG00000183971,NPW,NPW,NPW_HUMAN,879
1095,ENSG00000163702,IL17RC,IL17RC,I17RC_HUMAN,880
1096,ENSG00000164535,DAGLB,DAGLB,DGLB_HUMAN,881
1097,ENSG00000131650,KREMEN2,KREMEN2,KREM2_HUMAN,1121
1098,ENSG00000175294,CATSPER1,CATSPER1,CTSR1_HUMAN,882
1099,ENSG00000123612,ACVR1C,ACVR1C,ACV1C_HUMAN,883
1100,ENSG00000197272,IL27,IL27,IL27A_HUMAN,884
1101,ENSG00000101292,PROKR2,PROKR2,PKR2_HUMAN,885
1102,ENSG00000163701,IL17RE,IL17RE,I17RE_HUMAN,886
1103,ENSG00000169436,COL22A1,COL22A1,COMA1_HUMAN,887
1104,ENSG00000137872,SEMA6D,SEMA6D,SEM6D_HUMAN,888
1105,ENSG00000105767,CADM4,CADM4,CADM4_HUMAN,889
1106,ENSG00000183979,NPB,NPB,NPB_HUMAN,890
1107,ENSG00000275730,LILRB4,LILRB4,LIRB4_HUMAN,891
1108,ENSG00000186818,LILRB4,LILRB4,LIRB4_HUMAN,891
1109,ENSG00000274669,LILRB1,LILRB1,LIRB1_HUMAN,892
1110,ENSG00000277807,LILRB1,LILRB1,LIRB1_HUMAN,892
1111,ENSG00000157870,PRXL2B,PRXL2B,PXL2B_HUMAN,1096
1112,ENSG00000169618,PROKR1,PROKR1,PKR1_HUMAN,893
1113,ENSG00000164520,RAET1E,RAET1E,N2DL4_HUMAN,894
1114,ENSG00000163606,CD200R1,CD200R1,MO2R1_HUMAN,895
1115,ENSG00000135077,HAVCR2,HAVCR2,HAVR2_HUMAN,896
1116,ENSG00000162881,OXER1,OXER1,OXER1_HUMAN,897
1117,ENSG00000173080,RXFP4,RXFP4,RL3R2_HUMAN,898
1118,ENSG00000173250,GPR151,GPR151,GP151_HUMAN,899
1119,ENSG00000092096,SLC22A17,SLC22A17,S22AH_HUMAN,900
1120,ENSG00000169752,NRG4,NRG4,NRG4_HUMAN,901
1121,ENSG00000136697,IL1F10,IL1F10,IL1FA_HUMAN,902
1122,ENSG00000178084,HTR3C,HTR3C,5HT3C_HUMAN,903
1123,ENSG00000133105,RXFP2,RXFP2,RXFP2_HUMAN,904
1124,ENSG00000171136,RLN3,RLN3,REL3_HUMAN,905
1125,ENSG00000110852,CLEC2B,CLEC2B,CLC2B_HUMAN,906
1126,ENSG00000102970,CCL17,CCL17,CCL17_HUMAN,907
1127,ENSG00000137642,SORL1,SORL1,SORL_HUMAN,908
1128,ENSG00000130202,NECTIN2,NECTIN2,PVRL2_HUMAN,909
1129,ENSG00000140009,ESR2,ESR2,ESR2_HUMAN,28
1130,ENSG00000198963,RORB,RORB,RORB_HUMAN,1
1131,ENSG00000162998,FRZB,FRZB,SFRP3_HUMAN,910
1132,ENSG00000187764,SEMA4D,SEMA4D,SEM4D_HUMAN,911
1133,ENSG00000090863,GLG1,GLG1,GSLG1_HUMAN,912
1134,ENSG00000157873,TNFRSF14,TNFRSF14,TNR14_HUMAN,913
1135,ENSG00000273936,TNFRSF14,TNFRSF14,TNR14_HUMAN,913
1136,ENSG00000215788,TNFRSF25,TNFRSF25,TNR25_HUMAN,914
1137,ENSG00000134245,WNT2B,WNT2B,WNT2B_HUMAN,915
1138,ENSG00000075290,WNT8B,WNT8B,WNT8B_HUMAN,916
1139,ENSG00000145777,TSLP,TSLP,TSLP_HUMAN,917
1140,ENSG00000178473,UCN3,UCN3,UCN3_HUMAN,918
1141,ENSG00000152034,MCHR2,MCHR2,MCHR2_HUMAN,919
1142,ENSG00000159346,ADIPOR1,ADIPOR1,ADR1_HUMAN,920
1143,ENSG00000160963,COL26A1,COL26A1,COQA1_HUMAN,921
1144,ENSG00000142538,PTH2,PTH2,TIP39_HUMAN,922
1145,ENSG00000149564,ESAM,ESAM,ESAM_HUMAN,923
1146,ENSG00000171773,NXNL1,NXNL1,NXNL1_HUMAN,13
1147,ENSG00000139187,KLRG1,KLRG1,KLRG1_HUMAN,924
1148,ENSG00000177663,IL17RA,IL17RA,I17RA_HUMAN,925
1149,ENSG00000145423,SFRP2,SFRP2,SFRP2_HUMAN,926
1150,ENSG00000142512,SIGLEC10,SIGLEC10,SIG10_HUMAN,927
1151,ENSG00000163377,TAFA4,TAFA4,TAFA4_HUMAN,7
1152,ENSG00000154134,ROBO3,ROBO3,ROBO3_HUMAN,928
1153,ENSG00000183762,KREMEN1,KREMEN1,KREM1_HUMAN,1130
1154,ENSG00000143217,NECTIN4,NECTIN4,PVRL4_HUMAN,929
1155,ENSG00000124749,COL21A1,COL21A1,COLA1_HUMAN,930
1156,ENSG00000166762,CATSPER2,CATSPER2,CTSR2_HUMAN,931
1157,ENSG00000211451,GNRHR2,GNRHR2,GNRR2_HUMAN,932
1158,ENSG00000112116,IL17F,IL17F,IL17F_HUMAN,933
1159,ENSG00000164161,HHIP,HHIP,HHIP_HUMAN,934
1160,ENSG00000012504,NR1H4,NR1H4,NR1H4_HUMAN,9
1161,ENSG00000159958,TNFRSF13C,TNFRSF13C,TR13C_HUMAN,935
1162,ENSG00000145040,UCN2,UCN2,UCN2_HUMAN,936
1163,ENSG00000156574,NODAL,NODAL,NODAL_HUMAN,937
1164,ENSG00000149735,GPHA2,GPHA2,GPHA2_HUMAN,938
1165,ENSG00000119535,CSF3R,CSF3R,CSF3R_HUMAN,939
1166,ENSG00000113070,HBEGF,HBEGF,HBEGF_HUMAN,940
1167,ENSG00000184613,NELL2,NELL2,NELL2_HUMAN,941
1168,ENSG00000223355,NOTCH4,NOTCH4,NOTC4_HUMAN,942
1169,ENSG00000238196,NOTCH4,NOTCH4,NOTC4_HUMAN,942
1170,ENSG00000204301,NOTCH4,NOTCH4,NOTC4_HUMAN,942
1171,ENSG00000234876,NOTCH4,NOTCH4,NOTC4_HUMAN,942
1172,ENSG00000134243,SORT1,SORT1,SORT_HUMAN,943
1173,ENSG00000164850,GPER1,GPER1,GPER1_HUMAN,944
1174,ENSG00000181374,CCL13,CCL13,CCL13_HUMAN,945
1175,ENSG00000145623,OSMR,OSMR,OSMR_HUMAN,946
1176,ENSG00000081985,IL12RB2,IL12RB2,I12R2_HUMAN,947
1177,ENSG00000128285,MCHR1,MCHR1,MCHR1_HUMAN,948
1178,ENSG00000111799,COL12A1,COL12A1,COCA1_HUMAN,949
1179,ENSG00000172724,CCL19,CCL19,CCL19_HUMAN,950
1180,ENSG00000171119,NRTN,NRTN,NRTN_HUMAN,951
1181,ENSG00000174600,CMKLR1,CMKLR1,CML1_HUMAN,952
1182,ENSG00000106538,RARRES2,RARRES2,RARR2_HUMAN,953
1183,ENSG00000127083,OMD,OMD,OMD_HUMAN,954
1184,ENSG00000075223,SEMA3C,SEMA3C,SEM3C_HUMAN,955
1185,ENSG00000073737,DHRS9,DHRS9,DHRS9_HUMAN,1176
1186,ENSG00000197646,PDCD1LG2,PDCD1LG2,PD1L2_HUMAN,956
1187,ENSG00000134548,SPX,SPX,SPXN_HUMAN,957
1188,ENSG00000144857,BOC,BOC,BOC_HUMAN,958
1189,ENSG00000166086,JAM3,JAM3,JAM3_HUMAN,959
1190,ENSG00000137868,STRA6,STRA6,STRA6_HUMAN,960
1191,ENSG00000205213,LGR4,LGR4,LGR4_HUMAN,961
1192,ENSG00000166126,AMN,AMN,AMNLS_HUMAN,962
1193,ENSG00000146374,RSPO3,RSPO3,RSPO3_HUMAN,963
1194,ENSG00000182985,CADM1,CADM1,CADM1_HUMAN,964
1195,ENSG00000131019,ULBP3,ULBP3,N2DL3_HUMAN,965
1196,ENSG00000131015,ULBP2,ULBP2,N2DL2_HUMAN,966
1197,ENSG00000111981,ULBP1,ULBP1,N2DL1_HUMAN,967
1198,ENSG00000122223,CD244,CD244,CD244_HUMAN,968
1199,ENSG00000088827,SIGLEC1,SIGLEC1,SN_HUMAN,969
1200,ENSG00000168758,SEMA4C,SEMA4C,SEM4C_HUMAN,970
1201,ENSG00000170962,PDGFD,PDGFD,PDGFD_HUMAN,971
1202,ENSG00000132911,NMUR2,NMUR2,NMUR2_HUMAN,972
1203,ENSG00000135925,WNT10A,WNT10A,WN10A_HUMAN,973
1204,ENSG00000118972,FGF23,FGF23,FGF23_HUMAN,974
1205,ENSG00000127318,IL22,IL22,IL22_HUMAN,975
1206,ENSG00000125861,GFRA4,GFRA4,GFRA4_HUMAN,976
1207,ENSG00000061492,WNT8A,WNT8A,WNT8A_HUMAN,977
1208,ENSG00000111186,WNT5B,WNT5B,WNT5B_HUMAN,978
1209,ENSG00000166090,IL25,IL25,IL25_HUMAN,979
1210,ENSG00000161921,CXCL16,CXCL16,CXL16_HUMAN,980
1211,ENSG00000092421,SEMA6A,SEMA6A,SEM6A_HUMAN,981
1212,ENSG00000104938,CLEC4M,CLEC4M,CLC4M_HUMAN,982
1213,ENSG00000134489,HRH4,HRH4,HRH4_HUMAN,983
1214,ENSG00000196189,SEMA4A,SEMA4A,SEM4A_HUMAN,984
1215,ENSG00000177283,FZD8,FZD8,FZD8_HUMAN,985
1216,ENSG00000167261,DPEP2,DPEP2,DPEP2_HUMAN,1173
1217,ENSG00000141096,DPEP3,DPEP3,DPEP3_HUMAN,1093
1218,ENSG00000088367,EPB41L1,EPB41L1,E41L1_HUMAN,986
1219,ENSG00000126246,IGFLR1,IGFLR1,IGFR1_HUMAN,987
1220,ENSG00000274338,CATSPERB,CATSPERB,CTSRB_HUMAN,1112
1221,ENSG00000133962,CATSPERB,CATSPERB,CTSRB_HUMAN,1112
1222,ENSG00000148334,PTGES2,PTGES2,PGES2_HUMAN,1087
1223,ENSG00000115598,IL1RL2,IL1RL2,ILRL2_HUMAN,988
1224,ENSG00000074527,NTN4,NTN4,NET4_HUMAN,989
1225,ENSG00000171596,NMUR1,NMUR1,NMUR1_HUMAN,990
1226,ENSG00000138684,IL21,IL21,IL21_HUMAN,991
1227,ENSG00000103522,IL21R,IL21R,IL21R_HUMAN,992
1228,ENSG00000133067,LGR6,LGR6,LGR6_HUMAN,993
1229,ENSG00000171509,RXFP1,RXFP1,RXFP1_HUMAN,994
1230,ENSG00000163421,PROK2,PROK2,PROK2_HUMAN,995
1231,ENSG00000205755,CRLF2,CRLF2,CRLF2_HUMAN,996
1232,ENSG00000185008,ROBO2,ROBO2,ROBO2_HUMAN,997
1233,ENSG00000221866,PLXNA4,PLXNA4,PLXA4_HUMAN,998
1234,ENSG00000070388,FGF22,FGF22,FGF22_HUMAN,999
1235,ENSG00000090659,CD209,CD209,CD209_HUMAN,1000
1236,ENSG00000006327,TNFRSF12A,TNFRSF12A,TNR12_HUMAN,1001
1237,ENSG00000078579,FGF20,FGF20,FGF20_HUMAN,1002
1238,ENSG00000129048,ACKR4,ACKR4,ACKR4_HUMAN,1003
1239,ENSG00000213906,LTB4R2,LTB4R2,LT4R2_HUMAN,1004
1240,ENSG00000285203,LTB4R2,LTB4R2,LT4R2_HUMAN,1004
1241,ENSG00000110944,IL23A,IL23A,IL23A_HUMAN,1005
1242,ENSG00000104290,FZD3,FZD3,FZD3_HUMAN,1006
1243,ENSG00000196083,IL1RAP,IL1RAP,IL1AP_HUMAN,1007
1244,ENSG00000111536,IL26,IL26,IL26_HUMAN,1008
1245,ENSG00000177707,NECTIN3,NECTIN3,PVRL3_HUMAN,1009
1246,ENSG00000184344,GDF3,GDF3,GDF3_HUMAN,1010
1247,ENSG00000128917,DLL4,DLL4,DLL4_HUMAN,1011
1248,ENSG00000101916,TLR8,TLR8,TLR8_HUMAN,1012
1249,ENSG00000145431,PDGFC,PDGFC,PDGFC_HUMAN,1013
1250,ENSG00000151882,CCL28,CCL28,CCL28_HUMAN,1014
1251,ENSG00000056736,IL17RB,IL17RB,I17RB_HUMAN,1015
1252,ENSG00000013583,HEBP1,HEBP1,HEBP1_HUMAN,1016
1253,ENSG00000152207,CYSLTR2,CYSLTR2,CLTR2_HUMAN,1017
1254,ENSG00000105550,FGF21,FGF21,FGF21_HUMAN,1018
1255,ENSG00000182631,RXFP3,RXFP3,RL3R1_HUMAN,1019
1256,ENSG00000277069,RXFP3,RXFP3,RL3R1_HUMAN,1019
1257,ENSG00000095539,SEMA4G,SEMA4G,SEM4G_HUMAN,1020
1258,ENSG00000090932,DLL3,DLL3,DLL3_HUMAN,1021
1259,ENSG00000162891,IL20,IL20,IL20_HUMAN,1022
1260,ENSG00000114631,PODXL2,PODXL2,PDXL2_HUMAN,1023
1261,ENSG00000095970,TREM2,TREM2,TREM2_HUMAN,1024
1262,ENSG00000125571,IL37,IL37,IL37_HUMAN,1025
1263,ENSG00000136696,IL36B,IL36B,IL36B_HUMAN,1026
1264,ENSG00000136688,IL36G,IL36G,IL36G_HUMAN,1027
1265,ENSG00000120217,CD274,CD274,PD1L1_HUMAN,1028
1266,ENSG00000150045,KLRF1,KLRF1,KLRF1_HUMAN,1029
1267,ENSG00000124391,IL17C,IL17C,IL17C_HUMAN,1030
1268,ENSG00000147896,IFNK,IFNK,IFNK_HUMAN,1031
1269,ENSG00000089012,SIRPG,SIRPG,SIRPG_HUMAN,1032
1270,ENSG00000101203,COL20A1,COL20A1,COKA1_HUMAN,1033
1271,ENSG00000134830,C5AR2,C5AR2,C5AR2_HUMAN,1034
1272,ENSG00000197487,GALP,GALP,GALP_HUMAN,1035
1273,ENSG00000143185,XCL2,XCL2,XCL2_HUMAN,1036
1274,ENSG00000175505,CLCF1,CLCF1,CLCF1_HUMAN,1037
1275,ENSG00000136695,IL36RN,IL36RN,I36RA_HUMAN,1038
1276,ENSG00000126264,HCST,HCST,HCST_HUMAN,1039
1277,ENSG00000172893,DHCR7,DHCR7,DHCR7_HUMAN,1165
1278,ENSG00000173530,TNFRSF10D,TNFRSF10D,TR10D_HUMAN,1040
1279,ENSG00000155011,DKK2,DKK2,DKK2_HUMAN,1041
1280,ENSG00000157017,GHRL,GHRL,GHRL_HUMAN,1042
1281,ENSG00000002745,WNT16,WNT16,WNT16_HUMAN,1043
1282,ENSG00000133116,KL,KL,KLOT_HUMAN,1044
1283,ENSG00000099994,SUSD2,SUSD2,SUSD2_HUMAN,1045
1284,ENSG00000136694,IL36A,IL36A,IL36A_HUMAN,1046
1285,ENSG00000142224,IL19,IL19,IL19_HUMAN,1047
1286,ENSG00000166863,TAC3,TAC3,TKNK_HUMAN,1048
1287,ENSG00000016402,IL20RA,IL20RA,I20RA_HUMAN,1049
1288,ENSG00000069493,CLEC2D,CLEC2D,CLC2D_HUMAN,1050
1289,ENSG00000114554,PLXNA1,PLXNA1,PLXA1_HUMAN,1051
1290,ENSG00000263761,GDF2,GDF2,GDF2_HUMAN,1052
1291,ENSG00000085514,PILRA,PILRA,PILRA_HUMAN,1053
1292,ENSG00000181408,UTS2R,UTS2R,UR2R_HUMAN,1054
1293,ENSG00000137809,ITGA11,ITGA11,ITA11_HUMAN,1055
1294,ENSG00000081138,CDH7,CDH7,CADH7_HUMAN,1056
1295,ENSG00000198753,PLXNB3,PLXNB3,PLXB3_HUMAN,1057
1296,ENSG00000174804,FZD4,FZD4,FZD4_HUMAN,1058
1297,ENSG00000111432,FZD10,FZD10,FZD10_HUMAN,1059
1298,ENSG00000171388,APLN,APLN,APEL_HUMAN,1060
1299,ENSG00000074181,NOTCH3,NOTCH3,NOTC3_HUMAN,1061
1300,ENSG00000171094,ALK,ALK,ALK_HUMAN,1062
1301,ENSG00000065618,COL17A1,COL17A1,COHA1_HUMAN,1063
1302,ENSG00000120337,TNFSF18,TNFSF18,TNF18_HUMAN,1064
1303,ENSG00000101000,PROCR,PROCR,PROCR_HUMAN,6
1304,ENSG00000157240,FZD1,FZD1,FZD1_HUMAN,1065
1305,ENSG00000106327,TFR2,TFR2,TFR2_HUMAN,1066
1306,ENSG00000184916,JAG2,JAG2,JAG2_HUMAN,1067
1307,ENSG00000006606,CCL26,CCL26,CCL26_HUMAN,1068
1308,ENSG00000101280,ANGPT4,ANGPT4,ANGP4_HUMAN,1069
1309,ENSG00000173198,CYSLTR1,CYSLTR1,CLTR1_HUMAN,1070
1310,ENSG00000102524,TNFSF13B,TNFSF13B,TN13B_HUMAN,1071
1311,ENSG00000135898,GPR55,GPR55,GPR55_HUMAN,1072
1312,ENSG00000134780,DAGLA,DAGLA,DGLA_HUMAN,1073
1313,ENSG00000004399,PLXND1,PLXND1,PLXD1_HUMAN,1074
1314,ENSG00000213927,CCL27,CCL27,CCL27_HUMAN,1075
1315,ENSG00000101180,HRH3,HRH3,HRH3_HUMAN,1076
1316,ENSG00000172410,INSL5,INSL5,INSL5_HUMAN,1077
1317,ENSG00000186891,TNFRSF18,TNFRSF18,TNR18_HUMAN,1078
1318,ENSG00000156076,WIF1,WIF1,WIF1_HUMAN,1079
1319,ENSG00000183134,PTGDR2,PTGDR2,PD2R2_HUMAN,1080
1320,ENSG00000158769,F11R,F11R,JAM1_HUMAN,1081
1321,ENSG00000117425,PTCH2,PTCH2,PTC2_HUMAN,1094
1322,ENSG00000115596,WNT6,WNT6,WNT6_HUMAN,1082
1323,ENSG00000169855,ROBO1,ROBO1,ROBO1_HUMAN,1083
1324,ENSG00000141655,TNFRSF11A,TNFRSF11A,TNR11_HUMAN,1084
1325,ENSG00000163600,ICOS,ICOS,ICOS_HUMAN,1085
1327,ENSG00000134121,CHL1,CHL1,NCHL1_HUMAN,1284
1331,ENSG00000167775,CD320,CD320,CD320_HUMAN,1204
1335,ENSG00000168140,VASN,VASN,VASN_HUMAN,1346
1348,ENSG00000274334,VASN,VASN,VASN_HUMAN,1346
1339,ENSG00000084234,APLP2,APLP2,APLP2_HUMAN,1193
1340,ENSG00000274143,KIR2DL5A,KIR2DL5A,KI2LA_HUMAN,1269
1345,ENSG00000135318,NT5E,NT5E,5NTD_HUMAN,1179
1347,ENSG00000169439,SDC2,SDC2,SDC2_HUMAN,1328
1351,ENSG00000171603,CLSTN1,CLSTN1,CSTN1_HUMAN,1209
1367,ENSG00000091129,NRCAM,NRCAM,NRCAM_HUMAN,1294
1369,ENSG00000174807,CD248,CD248,CD248_HUMAN,1203
1371,ENSG00000076706,MCAM,MCAM,MUC18_HUMAN,1283
1372,ENSG00000125810,CD93,CD93,C1QR1_HUMAN,1198
1373,ENSG00000127507,ADGRE2,ADGRE2,AGRE2_HUMAN,1188
1375,ENSG00000179542,SLITRK4,SLITRK4,SLIK4_HUMAN,1333
1377,ENSG00000142949,PTPRF,PTPRF,PTPRF_HUMAN,1309
1391,ENSG00000197965,MPZL1,MPZL1,MPZL1_HUMAN,1282
1398,ENSG00000164530,PI16,PI16,PI16_HUMAN,1305
1404,ENSG00000160593,JAML,JAML,JAML_HUMAN,1268
1405,ENSG00000162896,PIGR,PIGR,PIGR_HUMAN,1306
1409,ENSG00000173391,OLR1,OLR1,OLR1_HUMAN,1301
1434,ENSG00000267631,CGB1,CGB1,CGB1_HUMAN,1205
1438,ENSG00000179603,GRM8,GRM8,GRM8_HUMAN,1267
1439,ENSG00000164220,F2RL2,F2RL2,PAR3_HUMAN,1303
1440,ENSG00000162383,SLC1A7,SLC1A7,EAA5_HUMAN,1222
1441,ENSG00000181790,ADGRB1,ADGRB1,AGRB1_HUMAN,1185
1443,ENSG00000187730,GABRD,GABRD,GBRD_HUMAN,1239
1444,ENSG00000213977,TAX1BP3,TAX1BP3,TX1B3_HUMAN,1344
1445,ENSG00000139574,NPFF,NPFF,NPFF_HUMAN,1291
1446,ENSG00000113262,GRM6,GRM6,GRM6_HUMAN,1265
1447,ENSG00000105464,GRIN2D,GRIN2D,NMDE4_HUMAN,1092
1449,ENSG00000185070,FLRT2,FLRT2,FLRT2_HUMAN,1227
1451,ENSG00000183840,GPR39,GPR39,GPR39_HUMAN,1249
1452,ENSG00000146006,LRRTM2,LRRTM2,LRRT2_HUMAN,1279
1454,ENSG00000121753,ADGRB2,ADGRB2,AGRB2_HUMAN,1186
1455,ENSG00000135298,ADGRB3,ADGRB3,AGRB3_HUMAN,1187
1460,ENSG00000136928,GABBR2,GABBR2,GABR2_HUMAN,1230
1462,ENSG00000131094,C1QL1,C1QL1,C1QRF_HUMAN,1199
1467,ENSG00000072071,ADGRL1,ADGRL1,AGRL1_HUMAN,1169
1468,ENSG00000115419,GLS,GLS,GLSK_HUMAN,1245
1469,ENSG00000121871,SLITRK3,SLITRK3,SLIK3_HUMAN,1332
1470,ENSG00000165300,SLITRK5,SLITRK5,SLIK5_HUMAN,1334
1472,ENSG00000117114,ADGRL2,ADGRL2,AGRL2_HUMAN,1191
1473,ENSG00000169006,NTSR2,NTSR2,NTR2_HUMAN,1300
1477,ENSG00000108849,PPY,PPY,PAHO_HUMAN,1159
1478,ENSG00000122585,NPY,NPY,NPY_HUMAN,1293
1480,ENSG00000107018,RLN1,RLN1,REL1_HUMAN,1156
1481,ENSG00000165168,CYBB,CYBB,CYBB_HUMAN,1355
1482,ENSG00000078401,EDN1,EDN1,EDN1_HUMAN,1223
1484,ENSG00000196811,CHRNG,CHRNG,ACHG_HUMAN,1183
1486,ENSG00000100448,CTSG,CTSG,CATG_HUMAN,1200
1489,ENSG00000104827,CGB3,CGB3,CGB3_HUMAN,1207
1490,ENSG00000196337,CGB7,CGB7,CGB7_HUMAN,1208
1491,ENSG00000131096,PYY,PYY,PYY_HUMAN,1129
1492,ENSG00000170175,CHRNB1,CHRNB1,ACHB_HUMAN,1180
1493,ENSG00000283946,CHRNB1,CHRNB1,ACHB_HUMAN,1180
1496,ENSG00000051523,CYBA,CYBA,CYBA_HUMAN,1356
1497,ENSG00000124205,EDN3,EDN3,EDN3_HUMAN,1224
1498,ENSG00000022355,GABRA1,GABRA1,GBRA1_HUMAN,1231
1500,ENSG00000152661,GJA1,GJA1,CXA1_HUMAN,1212
1502,ENSG00000129167,TPH1,TPH1,TPH1_HUMAN,1342
1504,ENSG00000113327,GABRG2,GABRG2,GBRG2_HUMAN,1241
1505,ENSG00000115884,SDC1,SDC1,SDC1_HUMAN,1327
1506,ENSG00000127129,EDN2,EDN2,EDN2_HUMAN,1137
1509,ENSG00000198959,TGM2,TGM2,TGM2_HUMAN,1341
1512,ENSG00000145888,GLRA1,GLRA1,GLRA1_HUMAN,1243
1513,ENSG00000101958,GLRA2,GLRA2,GLRA2_HUMAN,1114
1514,ENSG00000102924,CBLN1,CBLN1,CBLN1_HUMAN,1201
1515,ENSG00000153707,PTPRD,PTPRD,PTPRD_HUMAN,1308
1516,ENSG00000282932,PTPRD,PTPRD,PTPRD_HUMAN,1308
1517,ENSG00000103546,SLC6A2,SLC6A2,SC6A2_HUMAN,1320
1518,ENSG00000196569,LAMA2,LAMA2,LAMA2_HUMAN,1270
1519,ENSG00000136160,EDNRB,EDNRB,EDNRB_HUMAN,1225
1520,ENSG00000151617,EDNRA,EDNRA,EDNRA_HUMAN,1127
1521,ENSG00000181104,F2R,F2R,PAR1_HUMAN,1302
1522,ENSG00000164128,NPY1R,NPY1R,NPY1R_HUMAN,1107
1523,ENSG00000166206,GABRB3,GABRB3,GBRB3_HUMAN,1238
1525,ENSG00000158485,CD1B,CD1B,CD1B_HUMAN,1202
1529,ENSG00000157103,SLC6A1,SLC6A1,SC6A1_HUMAN,1319
1530,ENSG00000101188,NTSR1,NTSR1,NTR1_HUMAN,1102
1531,ENSG00000131389,SLC6A6,SLC6A6,SC6A6_HUMAN,1324
1532,ENSG00000186297,GABRA5,GABRA5,GBRA5_HUMAN,1235
1533,ENSG00000108576,SLC6A4,SLC6A4,SC6A4_HUMAN,1322
1534,ENSG00000176974,SHMT1,SHMT1,GLYC_HUMAN,1247
1535,ENSG00000182199,SHMT2,SHMT2,GLYM_HUMAN,1248
1536,ENSG00000011677,GABRA3,GABRA3,GBRA3_HUMAN,1233
1537,ENSG00000133661,SFTPD,SFTPD,SFTPD_HUMAN,1329
1540,ENSG00000265107,GJA5,GJA5,CXA5_HUMAN,1214
1541,ENSG00000182963,GJC1,GJC1,CXG1_HUMAN,1215
1544,ENSG00000171189,GRIK1,GRIK1,GRIK1_HUMAN,1255
1547,ENSG00000107317,PTGDS,PTGDS,PTGDS_HUMAN,1307
1548,ENSG00000078549,ADCYAP1R1,ADCYAP1R1,PACR_HUMAN,1168
1549,ENSG00000168959,GRM5,GRM5,GRM5_HUMAN,1264
1550,ENSG00000155511,GRIA1,GRIA1,GRIA1_HUMAN,1250
1551,ENSG00000120251,GRIA2,GRIA2,GRIA2_HUMAN,1251
1552,ENSG00000125675,GRIA3,GRIA3,GRIA3_HUMAN,1252
1553,ENSG00000079215,SLC1A3,SLC1A3,EAA1_HUMAN,1218
1554,ENSG00000110436,SLC1A2,SLC1A2,EAA2_HUMAN,1219
1555,ENSG00000106688,SLC1A1,SLC1A1,EAA3_HUMAN,1220
1558,ENSG00000151834,GABRA2,GABRA2,GBRA2_HUMAN,1232
1559,ENSG00000145864,GABRB2,GABRB2,GBRB2_HUMAN,1237
1560,ENSG00000130821,SLC6A8,SLC6A8,SC6A8_HUMAN,1325
1561,ENSG00000152578,GRIA4,GRIA4,GRIA4_HUMAN,1253
1562,ENSG00000111181,SLC6A12,SLC6A12,S6A12_HUMAN,1316
1563,ENSG00000132164,SLC6A11,SLC6A11,S6A11_HUMAN,1315
1564,ENSG00000196517,SLC6A9,SLC6A9,SC6A9_HUMAN,1326
1565,ENSG00000109738,GLRB,GLRB,GLRB_HUMAN,1244
1566,ENSG00000109158,GABRA4,GABRA4,GBRA4_HUMAN,1234
1567,ENSG00000105143,SLC1A6,SLC1A6,EAA4_HUMAN,1221
1568,ENSG00000185149,NPY2R,NPY2R,NPY2R_HUMAN,1125
1571,ENSG00000204174,NPY4R,NPY4R,NPY4R_HUMAN,1124
1577,ENSG00000036565,SLC18A1,SLC18A1,VMAT1_HUMAN,1352
1579,ENSG00000179915,NRXN1,NRXN1,NRX1B_HUMAN,1296
1580,ENSG00000110076,NRXN2,NRXN2,NRX2B_HUMAN,1297
1584,ENSG00000102287,GABRE,GABRE,GBRE_HUMAN,1240
1587,ENSG00000188710,QRFP,QRFP,OX26_HUMAN,1147
1593,ENSG00000142319,SLC6A3,SLC6A3,SC6A3_HUMAN,1321
1594,ENSG00000276996,SLC6A3,SLC6A3,SC6A3_HUMAN,1321
1596,ENSG00000108556,CHRNE,CHRNE,ACHE_HUMAN,1182
1597,ENSG00000136750,GAD2,GAD2,DCE2_HUMAN,1217
1598,ENSG00000176884,GRIN1,GRIN1,NMDZ1_HUMAN,1290
1599,ENSG00000165646,SLC18A2,SLC18A2,VMAT2_HUMAN,1353
1600,ENSG00000135902,CHRND,CHRND,ACHD_HUMAN,1181
1602,ENSG00000183454,GRIN2A,GRIN2A,NMDE1_HUMAN,1131
1603,ENSG00000164418,GRIK2,GRIK2,GRIK2_HUMAN,1256
1604,ENSG00000163873,GRIK3,GRIK3,GRIK3_HUMAN,1257
1605,ENSG00000273079,GRIN2B,GRIN2B,NMDE2_HUMAN,1164
1606,ENSG00000152822,GRM1,GRM1,GRM1_HUMAN,1260
1609,ENSG00000173402,DAG1,DAG1,DAG1_HUMAN,1108
1610,ENSG00000164082,GRM2,GRM2,GRM2_HUMAN,1261
1611,ENSG00000174669,SLC29A2,SLC29A2,S29A2_HUMAN,1312
1613,ENSG00000196277,GRM7,GRM7,GRM7_HUMAN,1266
1614,ENSG00000198822,GRM3,GRM3,GRM3_HUMAN,1262
1615,ENSG00000124493,GRM4,GRM4,GRM4_HUMAN,1263
1616,ENSG00000161509,GRIN2C,GRIN2C,NMDE3_HUMAN,1153
1617,ENSG00000170498,KISS1,KISS1,KISS1_HUMAN,1095
1618,ENSG00000164129,NPY5R,NPY5R,NPY5R_HUMAN,1106
1619,ENSG00000149403,GRIK4,GRIK4,GRIK4_HUMAN,1258
1620,ENSG00000145863,GABRA6,GABRA6,GBRA6_HUMAN,1236
1621,ENSG00000105737,GRIK5,GRIK5,GRIK5_HUMAN,1259
1622,ENSG00000187714,SLC18A3,SLC18A3,VACHT_HUMAN,1345
1626,ENSG00000204640,NMS,NMS,NMS_HUMAN,1145
1627,ENSG00000165985,C1QL3,C1QL3,C1QL3_HUMAN,1196
1628,ENSG00000149256,TENM4,TENM4,TEN4_HUMAN,1340
1629,ENSG00000104818,CGB2,CGB2,CGB2_HUMAN,1206
1632,ENSG00000173621,LRFN4,LRFN4,LRFN4_HUMAN,1276
1635,ENSG00000164638,SLC29A4,SLC29A4,S29A4_HUMAN,1314
1637,ENSG00000144119,C1QL2,C1QL2,C1QL2_HUMAN,1195
1638,ENSG00000112414,ADGRG6,ADGRG6,AGRG6_HUMAN,1190
1639,ENSG00000162951,LRRTM1,LRRTM1,LRRT1_HUMAN,1278
1640,ENSG00000176204,LRRTM4,LRRTM4,LRRT4_HUMAN,1281
1641,ENSG00000198739,LRRTM3,LRRTM3,LRRT3_HUMAN,1280
1642,ENSG00000186897,C1QL4,C1QL4,C1QL4_HUMAN,1197
1643,ENSG00000139287,TPH2,TPH2,TPH2_HUMAN,1343
1644,ENSG00000146938,NLGN4X,NLGN4X,NLGNX_HUMAN,1288
1645,ENSG00000169760,NLGN1,NLGN1,NLGN1_HUMAN,1285
1648,ENSG00000179520,SLC17A8,SLC17A8,VGLU3_HUMAN,1349
1649,ENSG00000165246,NLGN4Y,NLGN4Y,NLGNY_HUMAN,1289
1650,ENSG00000169992,NLGN2,NLGN2,NLGN2_HUMAN,1286
1651,ENSG00000283859,NLGN2,NLGN2,NLGN2_HUMAN,1286
1662,ENSG00000198121,LPAR1,LPAR1,LPAR1_HUMAN,1271
1663,ENSG00000121853,GHSR,GHSR,GHSR_HUMAN,1150
1666,ENSG00000116014,KISS1R,KISS1R,KISSR_HUMAN,1120
1670,ENSG00000145248,SLC10A4,SLC10A4,NTCP4_HUMAN,1299
1673,ENSG00000165379,LRFN5,LRFN5,LRFN5_HUMAN,1277
1674,ENSG00000186867,QRFPR,QRFPR,QRFPR_HUMAN,1141
1675,ENSG00000020181,ADGRA2,ADGRA2,AGRA2_HUMAN,1184
1676,ENSG00000178235,SLITRK1,SLITRK1,SLIK1_HUMAN,1330
1679,ENSG00000127533,F2RL3,F2RL3,PAR4_HUMAN,1304
1680,ENSG00000146399,TAAR1,TAAR1,TAAR1_HUMAN,1336
1681,ENSG00000128683,GAD1,GAD1,DCE1_HUMAN,1216
1684,ENSG00000112759,SLC29A1,SLC29A1,S29A1_HUMAN,1311
1686,ENSG00000139182,CLSTN3,CLSTN3,CSTN3_HUMAN,1211
1691,ENSG00000198246,SLC29A3,SLC29A3,S29A3_HUMAN,1313
1692,ENSG00000040608,RTN4R,RTN4R,RTN4R_HUMAN,1310
1693,ENSG00000148734,NPFFR1,NPFFR1,NPFF1_HUMAN,1103
1694,ENSG00000115665,SLC5A7,SLC5A7,SC5A7_HUMAN,1318
1695,ENSG00000185985,SLITRK2,SLITRK2,SLIK2_HUMAN,1331
1698,ENSG00000158258,CLSTN2,CLSTN2,CSTN2_HUMAN,1210
1699,ENSG00000101438,SLC32A1,SLC32A1,VIAAT_HUMAN,1350
1700,ENSG00000184564,SLITRK6,SLITRK6,SLIK6_HUMAN,1335
1701,ENSG00000107738,VSIR,VSIR,VISTA_HUMAN,1351
1702,ENSG00000150471,ADGRL3,ADGRL3,AGRL3_HUMAN,1192
1703,ENSG00000064547,LPAR2,LPAR2,LPAR2_HUMAN,1272
1704,ENSG00000148948,LRRC4C,LRRC4C,LRC4C_HUMAN,1275
1705,ENSG00000021645,NRXN3,NRXN3,NRX3B_HUMAN,1298
1709,ENSG00000010379,SLC6A13,SLC6A13,S6A13_HUMAN,1317
1710,ENSG00000145934,TENM2,TENM2,TEN2_HUMAN,1338
1711,ENSG00000131409,LRRC4B,LRRC4B,LRC4B_HUMAN,1274
1714,ENSG00000008300,CELSR3,CELSR3,CELR3_HUMAN,1109
1716,ENSG00000196338,NLGN3,NLGN3,NLGN3_HUMAN,1287
1718,ENSG00000169306,IL1RAPL1,IL1RAPL1,IRPL1_HUMAN,1117
1719,ENSG00000125848,FLRT3,FLRT3,FLRT3_HUMAN,1228
1720,ENSG00000126500,FLRT1,FLRT1,FLRT1_HUMAN,1226
1723,ENSG00000218336,TENM3,TENM3,TEN3_HUMAN,1339
1724,ENSG00000104888,SLC17A7,SLC17A7,VGLU1_HUMAN,1347
1725,ENSG00000091664,SLC17A6,SLC17A6,VGLU2_HUMAN,1348
1726,ENSG00000232632,GABBR1,GABBR1,GABR1_HUMAN,1229
1727,ENSG00000206466,GABBR1,GABBR1,GABR1_HUMAN,1229
1728,ENSG00000204681,GABBR1,GABBR1,GABR1_HUMAN,1229
1729,ENSG00000237112,GABBR1,GABBR1,GABR1_HUMAN,1229
1730,ENSG00000206511,GABBR1,GABBR1,GABR1_HUMAN,1229
1731,ENSG00000232569,GABBR1,GABBR1,GABR1_HUMAN,1229
1732,ENSG00000237051,GABBR1,GABBR1,GABR1_HUMAN,1229
1733,ENSG00000171517,LPAR3,LPAR3,LPAR3_HUMAN,1273
1737,ENSG00000135423,GLS2,GLS2,GLSL_HUMAN,1246
1741,ENSG00000009694,TENM1,TENM1,TEN1_HUMAN,1337
1742,ENSG00000179915,NRXN1,NRXN1,NRX1A_HUMAN,1295
1747,ENSG00000268089,GABRQ,GABRQ,GBRT_HUMAN,1242
1752,ENSG00000165970,SLC6A5,SLC6A5,SC6A5_HUMAN,1323
1753,ENSG00000056291,NPFFR2,NPFFR2,NPFF2_HUMAN,1292
1755,ENSG00000205336,ADGRG1,ADGRG1,AGRG1_HUMAN,1189
1757,ENSG00000121743,GJA3,GJA3,CXA3_HUMAN,1213
1758,ENSG00000152208,GRID2,GRID2,GRID2_HUMAN,1254
1759,ENSG00000171867,PRNP,PRNP,APRIO_HUMAN,1194
1781,ENSG00000105835,NAMPT,NAMPT,NAMPT_HUMAN,1357
